CREATE TABLE "accounts_user" ("id" integer NOT NULL PRIMARY KEY AUTOINCREMENT, "password" varchar(128) NOT NULL, "last_login" datetime NULL, "is_superuser" bool NOT NULL, "username" varchar(150) NOT NULL UNIQUE, "last_name" varchar(150) NOT NULL, "is_staff" bool NOT NULL, "is_active" bool NOT NULL, "date_joined" datetime NOT NULL, "email" varchar(254) NOT NULL UNIQUE, "first_name" varchar(150) NOT NULL);

CREATE TABLE "accounts_user_groups" ("id" integer NOT NULL PRIMARY KEY AUTOINCREMENT, "user_id" integer NOT NULL REFERENCES "accounts_user" ("id") DEFERRABLE INITIALLY DEFERRED, "group_id" integer NOT NULL REFERENCES "auth_group" ("id") DEFERRABLE INITIALLY DEFERRED);

CREATE TABLE "accounts_user_user_permissions" ("id" integer NOT NULL PRIMARY KEY AUTOINCREMENT, "user_id" integer NOT NULL REFERENCES "accounts_user" ("id") DEFERRABLE INITIALLY DEFERRED, "permission_id" integer NOT NULL REFERENCES "auth_permission" ("id") DEFERRABLE INITIALLY DEFERRED);

CREATE TABLE "auth_group" ("id" integer NOT NULL PRIMARY KEY AUTOINCREMENT, "name" varchar(150) NOT NULL UNIQUE);

CREATE TABLE "auth_group_permissions" ("id" integer NOT NULL PRIMARY KEY AUTOINCREMENT, "group_id" integer NOT NULL REFERENCES "auth_group" ("id") DEFERRABLE INITIALLY DEFERRED, "permission_id" integer NOT NULL REFERENCES "auth_permission" ("id") DEFERRABLE INITIALLY DEFERRED);

CREATE TABLE "auth_permission" ("id" integer NOT NULL PRIMARY KEY AUTOINCREMENT, "content_type_id" integer NOT NULL REFERENCES "django_content_type" ("id") DEFERRABLE INITIALLY DEFERRED, "codename" varchar(100) NOT NULL, "name" varchar(255) NOT NULL);

CREATE TABLE "courses_category" ("id" integer NOT NULL PRIMARY KEY AUTOINCREMENT, "slug" varchar(200) NOT NULL UNIQUE, "title" varchar(50) NOT NULL);

CREATE TABLE "courses_course" ("title" varchar(200) NOT NULL, "slug" varchar(200) NOT NULL PRIMARY KEY, "description" text NOT NULL, "outcome" varchar(200) NOT NULL, "requirements" varchar(200) NOT NULL, "language" varchar(200) NOT NULL, "price" real NOT NULL, "level" varchar(20) NOT NULL, "thumbnail" varchar(100) NOT NULL, "video_url" varchar(100) NOT NULL, "is_published" bool NOT NULL, "category_id" integer NULL REFERENCES "courses_category" ("id") DEFERRABLE INITIALLY DEFERRED, "user_id" integer NOT NULL REFERENCES "accounts_user" ("id") DEFERRABLE INITIALLY DEFERRED, "created_at" datetime NOT NULL, "updated_at" datetime NOT NULL, "short_description" text NOT NULL);

CREATE TABLE "courses_lesson" ("id" integer NOT NULL PRIMARY KEY AUTOINCREMENT, "duration" real NOT NULL, "video_url" varchar(100) NOT NULL, "created_at" datetime NOT NULL, "updated_at" datetime NOT NULL, "course_id" varchar(200) NOT NULL REFERENCES "courses_course" ("slug") DEFERRABLE INITIALLY DEFERRED, "title" varchar(100) NOT NULL);

CREATE TABLE "django_admin_log" ("id" integer NOT NULL PRIMARY KEY AUTOINCREMENT, "action_time" datetime NOT NULL, "object_id" text NULL, "object_repr" varchar(200) NOT NULL, "change_message" text NOT NULL, "content_type_id" integer NULL REFERENCES "django_content_type" ("id") DEFERRABLE INITIALLY DEFERRED, "user_id" integer NOT NULL REFERENCES "accounts_user" ("id") DEFERRABLE INITIALLY DEFERRED, "action_flag" smallint unsigned NOT NULL CHECK ("action_flag" >= 0));

CREATE TABLE "django_content_type" ("id" integer NOT NULL PRIMARY KEY AUTOINCREMENT, "app_label" varchar(100) NOT NULL, "model" varchar(100) NOT NULL);

CREATE TABLE "django_migrations" ("id" integer NOT NULL PRIMARY KEY AUTOINCREMENT, "app" varchar(255) NOT NULL, "name" varchar(255) NOT NULL, "applied" datetime NOT NULL);

CREATE TABLE "django_session" ("session_key" varchar(40) NOT NULL PRIMARY KEY, "session_data" text NOT NULL, "expire_date" datetime NOT NULL);

CREATE TABLE "home_enroll" ("id" integer NOT NULL PRIMARY KEY AUTOINCREMENT, "created_at" datetime NOT NULL, "updated_at" datetime NOT NULL, "user_id" integer NOT NULL REFERENCES "accounts_user" ("id") DEFERRABLE INITIALLY DEFERRED, "course_id" varchar(200) NOT NULL REFERENCES "courses_course" ("slug") DEFERRABLE INITIALLY DEFERRED);

CREATE TABLE sqlite_sequence(name,seq);

CREATE TABLE "udemy_enroll" ("id" integer NOT NULL PRIMARY KEY AUTOINCREMENT, "created_at" datetime NOT NULL, "updated_at" datetime NOT NULL, "user_id" integer NOT NULL REFERENCES "accounts_user" ("id") DEFERRABLE INITIALLY DEFERRED, "course_id" varchar(200) NOT NULL REFERENCES "courses_course" ("slug") DEFERRABLE INITIALLY DEFERRED);

INSERT INTO "accounts_user" ("id", "password", "last_login", "is_superuser", "username", "last_name", "is_staff", "is_active", "date_joined", "email", "first_name") VALUES
(1, 'pbkdf2_sha256$216000$2b8DACwrO17G$YoTGmDI8siywatnYQzlnQA5ePK3/T1PtGRg1WZlFNaY=', '2022-01-04 15:19:45.739584', '1', '', '', '1', '1', '2019-04-19 19:26:27.376043', 'admin@admin.com', ''),
(2, 'pbkdf2_sha256$216000$edfU2Cg8qr1J$kI8bq2NvRhN/RkUZJQ+MdxJP0EA8w/fR83tbF7Gb3cc=', '2020-12-27 18:54:23.524150', '0', 'manjurulhoque', 'Hoque', '0', '1', '2019-04-20 17:30:28.030447', 'rumi@gmail.com', 'Manjurul'),
(3, 'pbkdf2_sha256$216000$dIrdU1BxqBsp$SyZawlLEtn69LjU4ZSbytlbORr9LqvARRuQRILK9XNo=', '2021-10-03 21:50:53.110202', '0', 'gsoko', 'Soko', '0', '1', '2021-10-03 21:50:45.520195', 'giftsoko@yahoo.com', 'Gift'),
(4, 'pbkdf2_sha256$216000$dozlu0jpyUnR$9Q30c7VdMCXc8CJ4f8zfw8SQvP7XW+tNfRR21pFuiKw=', '2022-01-04 11:56:44.447959', '0', 'sokogfb', 'Soko', '0', '1', '2022-01-04 11:56:34.640790', 'sokogfb@gmail.com', 'Gift');





INSERT INTO "auth_permission" ("id", "content_type_id", "codename", "name") VALUES
(1, 1, 'add_logentry', 'Can add log entry'),
(2, 1, 'change_logentry', 'Can change log entry'),
(3, 1, 'delete_logentry', 'Can delete log entry'),
(4, 1, 'view_logentry', 'Can view log entry'),
(5, 2, 'add_permission', 'Can add permission'),
(6, 2, 'change_permission', 'Can change permission'),
(7, 2, 'delete_permission', 'Can delete permission'),
(8, 2, 'view_permission', 'Can view permission'),
(9, 3, 'add_group', 'Can add group'),
(10, 3, 'change_group', 'Can change group'),
(11, 3, 'delete_group', 'Can delete group'),
(12, 3, 'view_group', 'Can view group'),
(13, 4, 'add_contenttype', 'Can add content type'),
(14, 4, 'change_contenttype', 'Can change content type'),
(15, 4, 'delete_contenttype', 'Can delete content type'),
(16, 4, 'view_contenttype', 'Can view content type'),
(17, 5, 'add_session', 'Can add session'),
(18, 5, 'change_session', 'Can change session'),
(19, 5, 'delete_session', 'Can delete session'),
(20, 5, 'view_session', 'Can view session'),
(21, 6, 'add_user', 'Can add user'),
(22, 6, 'change_user', 'Can change user'),
(23, 6, 'delete_user', 'Can delete user'),
(24, 6, 'view_user', 'Can view user'),
(25, 7, 'add_category', 'Can add category'),
(26, 7, 'change_category', 'Can change category'),
(27, 7, 'delete_category', 'Can delete category'),
(28, 7, 'view_category', 'Can view category'),
(29, 8, 'add_course', 'Can add course'),
(30, 8, 'change_course', 'Can change course'),
(31, 8, 'delete_course', 'Can delete course'),
(32, 8, 'view_course', 'Can view course'),
(33, 9, 'add_lesson', 'Can add lesson'),
(34, 9, 'change_lesson', 'Can change lesson'),
(35, 9, 'delete_lesson', 'Can delete lesson'),
(36, 9, 'view_lesson', 'Can view lesson'),
(37, 10, 'add_enroll', 'Can add enroll'),
(38, 10, 'change_enroll', 'Can change enroll'),
(39, 10, 'delete_enroll', 'Can delete enroll'),
(40, 10, 'view_enroll', 'Can view enroll'),
(41, 11, 'add_enroll', 'Can add enroll'),
(42, 11, 'change_enroll', 'Can change enroll'),
(43, 11, 'delete_enroll', 'Can delete enroll'),
(44, 11, 'view_enroll', 'Can view enroll');

INSERT INTO "courses_category" ("id", "slug", "title") VALUES
(19, 'computer-science', 'Computer Science'),
(23, 'supply-chain-managemet', 'Supply Chain Managemet'),
(24, 'logistics-management', 'Logistics Management'),
(25, 'legal-aid-management', 'Legal Aid Management'),
(28, 'dental-surgery', 'Dental Surgery'),
(29, 'general-surgery', 'General Surgery'),
(32, 'clinical-medicine', 'Clinical Medicine'),
(33, 'civil-engineering', 'Civil Engineering');

INSERT INTO "courses_course" ("title", "slug", "description", "outcome", "requirements", "language", "price", "level", "thumbnail", "video_url", "is_published", "category_id", "user_id", "created_at", "updated_at", "short_description") VALUES
('Course Number 25', 'quisquam-nostrum-incidunt-aperiam-tempore-dolorem-nulla-tempora-molestias-ipsam-labore-nisi-porro-soluta-ex-facere-rerum-commodi-maiores-enim-id-ob', 'Lorem ipsum dolor sit amet, consectetur adipisicing elit, sed do eiusmod tempor incididunt ut labore et dolore magna aliqua. Ut enim ad minim veniam, quis nostrud exercitation ullamco laboris nisi ut aliquip ex ea commodo consequat. Duis aute irure dolor in reprehenderit in voluptate velit esse cillum dolore eu fugiat nulla pariatur. Excepteur sint occaecat cupidatat non proident, sunt in culpa qui officia deserunt mollit anim id est laborum.

Asperiores ipsam commodi delectus, ducimus aliquid consequatur accusamus nisi error ullam a ex dolores? Iure illum error voluptatem facere deleniti unde, facilis perferendis amet perspiciatis doloremque dolore cumque quod soluta consequatur maxime sunt? Expedita maiores amet libero ad et est quam necessitatibus nulla? Ipsa commodi quasi tempora culpa, consectetur quae perferendis tempore, ab repellat quis facilis tenetur nesciunt nostrum dolore eaque vel, aliquid quibusdam rerum sed dolore quae sit maiores incidunt tempore nisi, quisquam dignissimos maxime doloremque nihil sunt et?

Eligendi earum expedita sapiente porro fugit deserunt, earum pariatur distinctio aspernatur quae voluptas aperiam? Est officiis cum at, nisi culpa tempora porro alias odit laudantium, neque quae architecto cum similique, ipsum aperiam rem optio recusandae assumenda deserunt nihil unde?', 'Itaque distinctio tempore harum, necessitatibus non dicta optio sit. Facere blanditiis sapiente officiis, unde amet quidem voluptate rem aliquid ex', 'Repellat aperiam ipsa, molestias quisquam numquam', 'Recusandae sed nemo veniam doloribus, architecto maiores magnam, mollitia ab explicabo reiciendis ea quis magnam eligendi in quam? Tempore', '91291.9090909091', 'Exp', 'thumbnails/postgraduate-degree-courses-search.jpg', 'Temporibus itaque nobis quidem eveniet, harum cum', '1', 19, 1, '2019-05-02 22:40:34.594399', '2019-05-02 22:40:34.594399', 'Lorem ipsum dolor sit amet, consectetur adipisicing elit, sed do eiusmod tempor incididunt ut labore et dolore magna aliqua. Ut enim ad minim veniam, quis nostrud exercitation ullamco laboris nisi ut aliquip ex ea commodo consequat. Duis aute irure dolor in reprehenderit in voluptate velit esse cillum dolore eu fugiat nulla pariatur. Excepteur sint occaecat cupidatat non proident, sunt in culpa qui officia deserunt mollit anim id est laborum.

Eveniet ipsam commodi accusamus veniam deleniti, sed ratione voluptas unde dignissimos doloribus, repudiandae exercitationem eveniet eius rem numquam veritatis perspiciatis non temporibus, consequuntur expedita harum eos amet voluptatem cupiditate impedit maiores commodi, pariatur commodi impedit libero accusamus minus? Libero blanditiis quisquam labore iste possimus omnis inventore, recusandae fugiat porro mollitia aperiam saepe commodi iusto facere molestiae, provident nam reprehenderit eius excepturi, perspiciatis tenetur laudantium at sit aspernatur facilis sed quod rem. Labore doloribus sint quasi corrupti voluptatem unde omnis? Deleniti officiis placeat corrupti hic eaque?

Soluta eaque in distinctio provident debitis numquam dicta, quisquam autem reiciendis enim eos eligendi quam delectus, ut et id incidunt sed, quas eius aliquid velit dolores labore? Voluptates consequatur repellat, ullam sunt incidunt, reprehenderit quisquam iste ea asperiores sed at iure nemo unde fugit, debitis molestias iure eaque obcaecati totam consectetur minus? Quam pariatur dolor, inventore tempore praesentium possimus provident, consequatur ut nemo laudantium eos ipsa perspiciatis voluptates, blanditiis adipisci nesciunt?'),
('Course Number 3', 'accusamus-officia-consequuntur-eveniet-fugit-maiores-iusto-eius-exercitationem-dolorum-omnis-sit-reprehenderit-eos-hic-quo-quaerat-saepe-nemo-consequuntur-numquam', 'Lorem ipsum dolor sit amet, consectetur adipisicing elit, sed do eiusmod tempor incididunt ut labore et dolore magna aliqua. Ut enim ad minim veniam, quis nostrud exercitation ullamco laboris nisi ut aliquip ex ea commodo consequat. Duis aute irure dolor in reprehenderit in voluptate velit esse cillum dolore eu fugiat nulla pariatur. Excepteur sint occaecat cupidatat non proident, sunt in culpa qui officia deserunt mollit anim id est laborum.

Aliquam accusamus delectus perferendis cumque facere fuga sint hic ab, ut corrupti modi enim sunt maiores nam id? Nam ullam praesentium, nostrum repellendus asperiores nulla aliquam ab nobis? Eius similique dicta hic fugiat numquam maiores saepe sit optio dignissimos, deleniti enim fugiat quia, at iste voluptatibus pariatur itaque, sequi cum minima ex a amet eligendi, voluptate nam possimus magnam explicabo saepe.

Dolor id debitis laborum quasi autem blanditiis aliquid nesciunt voluptate corporis, quia assumenda eligendi deleniti? Laudantium quasi repudiandae nihil, veniam autem optio reprehenderit sunt animi minus accusantium nisi velit reiciendis, quo exercitationem commodi dolore ipsa optio et modi qui ullam ex, culpa corporis autem nam minima deleniti, enim magni repellat corrupti minus vitae officia eum vel soluta dignissimos et. A tempore illum placeat fuga id ea assumenda eveniet reiciendis, at necessitatibus non, dolore et assumenda molestiae accusamus aliquid nulla architecto voluptates adipisci illo praesentium, iusto officiis minima ad velit voluptate at, voluptatibus illo autem ut et mollitia commodi sint provident. In quo vero nihil fugit repellendus quod eligendi omnis, in cumque possimus vitae sed exercitationem neque temporibus dolores accusamus voluptates, fuga veniam odit ipsa in est quisquam voluptatum voluptatibus et, laudantium voluptatem harum soluta nam eius totam nobis?', 'Praesentium aliquam atque dicta iure sunt, accusantium nulla officiis reiciendis vel soluta a labore e', 'Iusto repellendus ex dolores dignissimos mollitia ipsa natus ratione labore facilis, alias exercitationem quidem, repellendus voluptate possimu', 'Non fuga repellat velit animi nihil alias aspernatur, doloremque laborum recusandae quos reprehenderit eius molestiae repellendus hic, deleniti nobis dignissimos doloribus est vero laboru', '12827.0909090909', 'Quos molestias vo', 'thumbnails/postgraduate-degree-courses-search.jpg', 'Magni labore q', '1', 19, 1, '2019-05-02 22:40:34.656933', '2019-05-02 22:40:34.656933', 'Lorem ipsum dolor sit amet, consectetur adipisicing elit, sed do eiusmod tempor incididunt ut labore et dolore magna aliqua. Ut enim ad minim veniam, quis nostrud exercitation ullamco laboris nisi ut aliquip ex ea commodo consequat. Duis aute irure dolor in reprehenderit in voluptate velit esse cillum dolore eu fugiat nulla pariatur. Excepteur sint occaecat cupidatat non proident, sunt in culpa qui officia deserunt mollit anim id est laborum.

Tempore nemo doloremque libero vitae ratione, quos ut quam quisquam, ipsum quam deserunt libero architecto? Atque unde architecto, omnis quis similique sunt laboriosam dolorem temporibus consequuntur totam ea minima mollitia, blanditiis asperiores vel cumque quas modi sapiente quisquam unde quaerat, ut eveniet corrupti aliquid, explicabo quis nesciunt error ipsum quaerat perspiciatis laudantium quam.

Magni et dicta expedita fuga suscipit? Cupiditate earum enim eaque, labore explicabo velit voluptas, tempora molestiae porro quisquam, expedita eius accusantium aliquid maxime, ipsam alias at ducimus labore repudiandae recusandae ratione repellendus sed deleniti cumque.'),
('Course Number 14', 'laudantium-porro-accusamus', 'Lorem ipsum dolor sit amet, consectetur adipisicing elit, sed do eiusmod tempor incididunt ut labore et dolore magna aliqua. Ut enim ad minim veniam, quis nostrud exercitation ullamco laboris nisi ut aliquip ex ea commodo consequat. Duis aute irure dolor in reprehenderit in voluptate velit esse cillum dolore eu fugiat nulla pariatur. Excepteur sint occaecat cupidatat non proident, sunt in culpa qui officia deserunt mollit anim id est laborum.

Error ea enim in optio quisquam ut repellendus accusamus soluta, voluptatum dolorem magnam nulla atque deleniti, assumenda dolorem magnam nostrum debitis architecto dolor. Exercitationem quis asperiores quibusdam recusandae repellat adipisci, laudantium nam totam labore odit eligendi quasi consequuntur, quibusdam laboriosam libero nihil earum rem dolores?

Reiciendis odio tenetur fugiat corrupti tempora officiis fugit autem ipsum pariatur, facere excepturi consequuntur, voluptatum voluptatem sapiente? Illum consectetur debitis fuga, quisquam odit dicta, eveniet exercitationem magni velit praesentium. Consequuntur ea ab natus magni beatae quaerat, magni amet tenetur minus voluptates quidem enim reiciendis corrupti temporibus earum, tenetur hic sint dolorem dicta quod, eos neque sit, accusamus laboriosam repellendus.', 'Nam ratione nemo enim odio eum consequatur assume', 'Perspiciatis dolore excepturi nisi accusa', 'Dignissimos distinctio deserunt corporis nobis reprehenderit alias, facere fugit', '98742.3636363636', 'Error placeat debiti', 'thumbnails/postgraduate-degree-courses-search.jpg', 'Unde veritatis quisquam molestias placeat dignissimos ipsum reiciendis, face', '1', 24, 2, '2019-05-02 22:40:34.719402', '2019-05-02 22:40:34.719402', 'Lorem ipsum dolor sit amet, consectetur adipisicing elit, sed do eiusmod tempor incididunt ut labore et dolore magna aliqua. Ut enim ad minim veniam, quis nostrud exercitation ullamco laboris nisi ut aliquip ex ea commodo consequat. Duis aute irure dolor in reprehenderit in voluptate velit esse cillum dolore eu fugiat nulla pariatur. Excepteur sint occaecat cupidatat non proident, sunt in culpa qui officia deserunt mollit anim id est laborum.

Ab provident totam minima id sunt similique architecto necessitatibus, facere sed dolorum porro odio ut et doloremque nostrum ea, sed labore vero autem error unde porro obcaecati iusto eum, fugiat quae autem qui iure minima nulla necessitatibus consequatur amet magni, libero necessitatibus fugiat quibusdam excepturi quasi quia aliquid. At necessitatibus quasi praesentium sit dolorem dicta architecto facilis, dicta ab voluptate? Cumque illum hic eligendi at dolor, deserunt quas aspernatur tempora tenetur quos delectus, dolores molestias atque nostrum obcaecati aperiam? Omnis corporis fugit officiis sint libero ipsam aliquam, eos inventore quo dolorum vitae iure tempore aut laboriosam recusandae, labore voluptatum temporibus et pariatur?

Quia odit aperiam reiciendis minima quod, assumenda dolorum esse similique amet maiores laboriosam eos? Inventore animi facere unde nulla dolorum, obcaecati ducimus impedit nam ad molestiae consectetur perferendis excepturi pariatur deleniti.'),
('Course Number 6', 'dicta-sed-asperiores-iste-officiis-aut-et-quod-aliquam-natus-vel-magni-exercitationem-error-accusantium-id-non-illo-necessitatibus-sequi-quasi-facere-officiis-aut-quo-quidem-doloribu', 'Lorem ipsum dolor sit amet, consectetur adipisicing elit, sed do eiusmod tempor incididunt ut labore et dolore magna aliqua. Ut enim ad minim veniam, quis nostrud exercitation ullamco laboris nisi ut aliquip ex ea commodo consequat. Duis aute irure dolor in reprehenderit in voluptate velit esse cillum dolore eu fugiat nulla pariatur. Excepteur sint occaecat cupidatat non proident, sunt in culpa qui officia deserunt mollit anim id est laborum.

Alias in voluptates ad earum sequi corporis voluptatem vel excepturi voluptate illo, iure iusto eum numquam modi rem et pariatur magni reiciendis doloribus eius.

Iure doloremque provident enim dolorem expedita ullam, numquam nemo illo, illum blanditiis sapiente fugit alias dolorem. Praesentium nisi repellendus vel fugiat autem nesciunt deleniti inventore quae quo, hic cupiditate quisquam, saepe dolorem alias ab optio quas voluptatibus dolores laudantium fuga?', 'Sapiente inventore su', 'Sit unde laboriosam sint, sequi alias inventore laborum, quam laboriosam suscipit id cum mollitia. Culpa alias voluptate iste consequuntur id soluta eligendi autem eius magnam, sit invent', 'Expedita dolorem nemo dignissimos, consequuntur fugit hic debitis quibu', '33806.9090909091', 'Neque n', 'thumbnails/postgraduate-degree-courses-search.jpg', 'Ea quisquam natus debitis consequatur architecto nisi, error elige', '1', 19, 1, '2019-05-02 22:40:34.764776', '2019-05-02 22:40:34.764776', 'Lorem ipsum dolor sit amet, consectetur adipisicing elit, sed do eiusmod tempor incididunt ut labore et dolore magna aliqua. Ut enim ad minim veniam, quis nostrud exercitation ullamco laboris nisi ut aliquip ex ea commodo consequat. Duis aute irure dolor in reprehenderit in voluptate velit esse cillum dolore eu fugiat nulla pariatur. Excepteur sint occaecat cupidatat non proident, sunt in culpa qui officia deserunt mollit anim id est laborum.

Unde neque cumque accusantium deleniti assumenda asperiores?

Quos accusantium tempora magni eius quasi distinctio harum, deleniti a corporis illo architecto officiis illum unde cum vero porro? Illum cumque atque sint blanditiis?'),
('Course Number 09', 'eos-sunt-quod-excepturi-ducimus', 'Lorem ipsum dolor sit amet, consectetur adipisicing elit, sed do eiusmod tempor incididunt ut labore et dolore magna aliqua. Ut enim ad minim veniam, quis nostrud exercitation ullamco laboris nisi ut aliquip ex ea commodo consequat. Duis aute irure dolor in reprehenderit in voluptate velit esse cillum dolore eu fugiat nulla pariatur. Excepteur sint occaecat cupidatat non proident, sunt in culpa qui officia deserunt mollit anim id est laborum.

Sed pariatur autem, debitis officia minus, delectus iure consectetur, praesentium distinctio fugit animi porro maxime eos mollitia qui tenetur molestiae? Optio excepturi enim quae facilis facere consectetur nobis, ipsam labore cumque est beatae animi cum doloribus, repudiandae maxime ad, fugit cupiditate eligendi explicabo ad mollitia rem repellat ipsam cumque. Magnam tenetur voluptates, quae odio ducimus?

Alias beatae deleniti quo quisquam atque? Deleniti est deserunt dicta saepe, ullam harum eligendi beatae pariatur nesciunt reprehenderit temporibus rem?', 'Amet animi nostrum quis ipsum, assumenda laboriosam tempora, nobis velit ratione est reprehenderit perferendis, nulla consequatur doloribus possimus porro assumenda q', 'Optio numquam cumque qui fugit commodi placeat atque dolor officiis odit eligendi, reiciendis debitis hic repellat temporibus magnam, deleniti mollitia nulla accusantium. Molestias iu', 'Animi quae sequi laboriosam vitae veniam tempore assumenda ullam ex, itaque sapiente vel magnam doloremque veniam al', '56951.4545454546', 'Incidunt velit', 'thumbnails/postgraduate-degree-courses-search.jpg', 'Rerum accusamus obcaecati, tenetur quia o', '1', 33, 1, '2019-05-02 22:40:34.800797', '2019-05-02 22:40:34.800797', 'Lorem ipsum dolor sit amet, consectetur adipisicing elit, sed do eiusmod tempor incididunt ut labore et dolore magna aliqua. Ut enim ad minim veniam, quis nostrud exercitation ullamco laboris nisi ut aliquip ex ea commodo consequat. Duis aute irure dolor in reprehenderit in voluptate velit esse cillum dolore eu fugiat nulla pariatur. Excepteur sint occaecat cupidatat non proident, sunt in culpa qui officia deserunt mollit anim id est laborum.

Aperiam corporis quia id nihil obcaecati itaque natus, rem mollitia itaque magni adipisci minus, cumque voluptates vel id consequuntur autem earum delectus molestiae esse quisquam.

Enim vero adipisci necessitatibus consectetur iure earum veritatis sequi quaerat consequatur, vitae at odio incidunt odit commodi aspernatur architecto quos, harum iste dolor molestiae distinctio officiis. Eos maiores quo explicabo. Laborum unde dolorum, iusto voluptates quas rem ullam nam incidunt, aliquam soluta ad consectetur quo eligendi itaque voluptatem sed quasi mollitia, omnis sapiente repudiandae unde facere est tempora magnam officia ab tempore reiciendis?'),
('Course Number 7', 'dolore-facilis-minima-saepe-architecto-optio-doloribus-quibusdam-repudiandae-adipisci-eaque-itaque-temporibus-molestiae-eos-beatae-aut-ratione-modi-libero-iste-beatae-laborum-ab-quae-perspicia', 'Lorem ipsum dolor sit amet, consectetur adipisicing elit, sed do eiusmod tempor incididunt ut labore et dolore magna aliqua. Ut enim ad minim veniam, quis nostrud exercitation ullamco laboris nisi ut aliquip ex ea commodo consequat. Duis aute irure dolor in reprehenderit in voluptate velit esse cillum dolore eu fugiat nulla pariatur. Excepteur sint occaecat cupidatat non proident, sunt in culpa qui officia deserunt mollit anim id est laborum.

Eaque debitis quisquam quam recusandae adipisci in, nobis alias eius qui error corporis illo cum et voluptates repellat, velit odio saepe harum accusamus. Maiores placeat voluptate ullam dolores? Minima sequi fugiat? Ex laborum consequuntur vitae rerum optio dolores ullam ea.

Aut suscipit asperiores quia ratione laborum possimus libero, assumenda voluptas aspernatur fugiat rem perspiciatis a, harum alias natus quod dolorem ad soluta placeat dolore animi magni, nostrum corrupti magnam ab sit eius velit?', 'Velit voluptatum et quos accusamus nihil suscipit perspiciatis impedit tenetur saepe consequatur? Inventore accusantium est aut nulla quis voluptatem, nostrum deserunt vero veritatis, ipsa ab har', 'Totam exercitationem sed quia nulla, voluptatibus magnam reprehenderit, similique lab', 'Perferendis blanditiis vitae et iure illum minima voluptas itaque accusantium, sit provident vero obcaecati quam tenetur veritatis beatae impedit officia cum fugit, aliquid totam', '59871.0', 'Soluta eaque iste', 'thumbnails/postgraduate-degree-courses-search.jpg', 'Qui harum temporibus dolorem, possimus ab temporibus nesciunt aperiam assumenda i', '1', 24, 1, '2019-05-02 22:40:34.824778', '2019-05-02 22:40:34.824778', 'Lorem ipsum dolor sit amet, consectetur adipisicing elit, sed do eiusmod tempor incididunt ut labore et dolore magna aliqua. Ut enim ad minim veniam, quis nostrud exercitation ullamco laboris nisi ut aliquip ex ea commodo consequat. Duis aute irure dolor in reprehenderit in voluptate velit esse cillum dolore eu fugiat nulla pariatur. Excepteur sint occaecat cupidatat non proident, sunt in culpa qui officia deserunt mollit anim id est laborum.

Quae perspiciatis voluptas inventore, nostrum magni cum nesciunt aspernatur nemo, ex quidem in sunt cumque, est dolorum enim, modi nisi eligendi id ut minus optio quae nemo vitae impedit? Veritatis suscipit quis molestiae nam alias atque eum. Ab repellendus cumque sint enim a qui iusto magni, autem vitae officiis voluptatum in omnis rem, ipsam deserunt earum fugiat eligendi tempora maiores, molestiae nulla qui asperiores repudiandae ea adipisci unde sequi rerum, quo aliquid fugiat nisi eligendi quod facere iusto repellat deserunt?

Cum accusamus saepe laudantium quisquam blanditiis, quo deleniti id at harum maxime odit. Iste laudantium possimus voluptas, commodi facere debitis enim, recusandae eaque reprehenderit possimus ipsam similique provident modi et dolorum, porro molestiae tempore eum eius eaque consequatur nobis. Saepe nostrum laborum porro, temporibus sint autem quaerat vero, quasi optio quaerat eum officia consequuntur tenetur nobis, est dolor quidem ratione repellendus necessitatibus praesentium placeat magni animi, ex impedit quaerat repellendus quibusdam doloribus ratione illo consectetur atque officiis adipisci? Facilis voluptate ipsum assumenda praesentium soluta, obcaecati nostrum quis aspernatur debitis nulla modi eaque quo corrupti ipsum omnis?'),
('Course Number 19', 'officiis-nisi-quae-tempora-perferendis-obcaecati-rerum-ut-reprehenderit-repellat-saepe-sapiente-doloremque-quam-inventore-facere-es', 'Lorem ipsum dolor sit amet, consectetur adipisicing elit, sed do eiusmod tempor incididunt ut labore et dolore magna aliqua. Ut enim ad minim veniam, quis nostrud exercitation ullamco laboris nisi ut aliquip ex ea commodo consequat. Duis aute irure dolor in reprehenderit in voluptate velit esse cillum dolore eu fugiat nulla pariatur. Excepteur sint occaecat cupidatat non proident, sunt in culpa qui officia deserunt mollit anim id est laborum.

Blanditiis eveniet porro unde voluptate libero rerum quos, dolore iusto doloremque, impedit a praesentium. Impedit aliquid nisi ratione quis ipsum, maxime natus ex et ducimus, mollitia reiciendis praesentium assumenda sequi molestiae labore iste omnis quae nemo voluptatum, sequi nemo consequuntur officia aperiam saepe porro exercitationem? Et qui ipsa fugit nemo vero inventore, quisquam quod eligendi saepe impedit delectus nobis sequi maxime beatae necessitatibus, ab aspernatur dolorum necessitatibus. Fugit nemo iure odit harum, eum magnam dolorem culpa sint itaque sequi alias hic ipsa asperiores, pariatur magni voluptatum placeat, delectus quae esse nostrum eaque suscipit odio quam impedit nam vero excepturi, tempora sequi voluptate explicabo.

Quod ullam delectus dolor ratione molestiae cupiditate esse voluptatem, dolorem totam temporibus accusamus culpa tempora numquam illo quos vitae, dolor assumenda earum quisquam veritatis incidunt maiores ducimus. Recusandae libero delectus blanditiis dolores deleniti voluptatibus rem magni doloribus.', 'Qui enim inventore consequatur deleniti autem obcaecati velit vero ipsum ea', 'Accusantium dolor inventore velit quam ab veritatis', 'Ducimus necessitatibus voluptas at aliquid modi odit saepe m', '33868.2727272727', 'Quas libero ea, quas', 'thumbnails/postgraduate-degree-courses-search.jpg', 'Vero rem ex enim nobis aspernatur eos laboriosam eligendi. Dolor fugit mo', '1', 25, 1, '2019-05-02 22:40:34.876785', '2019-05-02 22:40:34.876785', 'Lorem ipsum dolor sit amet, consectetur adipisicing elit, sed do eiusmod tempor incididunt ut labore et dolore magna aliqua. Ut enim ad minim veniam, quis nostrud exercitation ullamco laboris nisi ut aliquip ex ea commodo consequat. Duis aute irure dolor in reprehenderit in voluptate velit esse cillum dolore eu fugiat nulla pariatur. Excepteur sint occaecat cupidatat non proident, sunt in culpa qui officia deserunt mollit anim id est laborum.

Voluptatum repudiandae nisi fuga ex quidem quasi accusantium, eum laudantium corporis odio sed iure fugit, voluptatibus odio possimus in veritatis nam molestias facilis veniam. Inventore cupiditate veniam omnis ut laborum exercitationem perferendis voluptas nostrum reiciendis dolore, atque quae pariatur hic totam eius quidem rerum aliquam, ab ullam facilis, quibusdam debitis maxime neque officia repudiandae nam iste vero, temporibus corporis velit similique vel omnis iure eveniet est nihil.

Sit veritatis enim eaque neque aut fugit, facilis dolor velit nulla suscipit eligendi illo cum beatae debitis?'),
('Course Number 11', 'fuga-facere-enim-perferendis-est-possimus-cum-eveniet-expedita-ullam-provident-tenetur-sunt-autem-dolorum-aliquid-voluptates-debitis-tempore-delectus-eveniet-officia-modi-sed-ullam-earum-no', 'Lorem ipsum dolor sit amet, consectetur adipisicing elit, sed do eiusmod tempor incididunt ut labore et dolore magna aliqua. Ut enim ad minim veniam, quis nostrud exercitation ullamco laboris nisi ut aliquip ex ea commodo consequat. Duis aute irure dolor in reprehenderit in voluptate velit esse cillum dolore eu fugiat nulla pariatur. Excepteur sint occaecat cupidatat non proident, sunt in culpa qui officia deserunt mollit anim id est laborum.

Voluptatem inventore tempore ab vel facere tenetur quia aspernatur?

At saepe beatae possimus laudantium animi, labore sapiente dignissimos fugit asperiores dolor consequuntur dolores, repellendus laborum vitae, et repellendus esse aspernatur dolorem? Fuga doloremque vero. Aliquid maxime laboriosam est a assumenda molestias commodi illo repellat, labore ipsa odio rem enim at ratione ipsam aut assumenda libero est, natus sit quia aliquid, porro molestias iste aperiam recusandae perspiciatis natus veniam?', 'Sequi cumque atque incidunt sit error iste enim excepturi, tempore alias harum. Fugiat perferendis dolor in doloremque quo, commodi eos deleniti doloribus veritatis r', 'Eaque dicta beatae iusto corporis culpa ex aut voluptates facere alias, reprehenderit repudiandae unde aut? Saepe velit odit quia quos provident totam eveniet explicabo inve', 'Asperiores consectetur accusantium assumenda, expedita nam incidunt eligendi animi possimus? Iure laudantium minima praesentium laborum exercitationem asper', '64438.4545454545', 'Quis eius', 'thumbnails/postgraduate-degree-courses-search.jpg', 'Consequatur aut minima dolorem beatae', '1', 25, 2, '2019-05-02 22:40:34.896786', '2019-05-02 22:40:34.896786', 'Lorem ipsum dolor sit amet, consectetur adipisicing elit, sed do eiusmod tempor incididunt ut labore et dolore magna aliqua. Ut enim ad minim veniam, quis nostrud exercitation ullamco laboris nisi ut aliquip ex ea commodo consequat. Duis aute irure dolor in reprehenderit in voluptate velit esse cillum dolore eu fugiat nulla pariatur. Excepteur sint occaecat cupidatat non proident, sunt in culpa qui officia deserunt mollit anim id est laborum.

Enim exercitationem autem odio veritatis voluptatum iste ex eius, aspernatur quae consequuntur quibusdam quod dolorum? Voluptatem ducimus unde accusamus accusantium nulla recusandae amet quos, aliquid odio dolores magni natus autem, perspiciatis sint incidunt ad unde veritatis, porro ea consectetur quas ducimus vel quae, reprehenderit iusto ducimus tenetur necessitatibus nulla consequuntur provident quis saepe distinctio voluptatem? Quas harum voluptate eligendi. Officiis nesciunt hic sequi et, distinctio nam amet reprehenderit natus quia nemo, officia dolores porro?

Ea consequuntur dolorum, modi recusandae eius, saepe minima ipsam ab quae illum itaque a voluptatem magnam aliquam molestias, eveniet blanditiis nesciunt laborum distinctio omnis dicta vel perspiciatis maxime veritatis, nisi quam voluptate.'),
('Course Number 28', 'voluptas-sapiente-voluptatum-consectetur-quasi-un', 'Lorem ipsum dolor sit amet, consectetur adipisicing elit, sed do eiusmod tempor incididunt ut labore et dolore magna aliqua. Ut enim ad minim veniam, quis nostrud exercitation ullamco laboris nisi ut aliquip ex ea commodo consequat. Duis aute irure dolor in reprehenderit in voluptate velit esse cillum dolore eu fugiat nulla pariatur. Excepteur sint occaecat cupidatat non proident, sunt in culpa qui officia deserunt mollit anim id est laborum.

Harum voluptatem cupiditate nulla, vero optio dolorem eaque. Porro dignissimos beatae doloremque praesentium tenetur minus laborum quod sint, voluptas esse aspernatur harum quos quisquam at animi, odit ex velit?

Doloribus repudiandae enim ex soluta et veniam recusandae, itaque consequatur reiciendis voluptatem repellendus? Iusto tempora accusamus sequi vitae, in et ad ducimus sapiente aliquid voluptatibus architecto sit, neque dolore labore vel, suscipit accusantium nihil animi laboriosam obcaecati ratione, beatae ut ad cumque nesciunt.', 'Tenetur eum velit repellat ratione cupiditate reprehenderit mol', 'Veritatis culpa consequatur recusandae, consequatur suscipit quas dolores possimus eligendi', 'In adipisci corrupti voluptatem laborum qui sapient', '86809.7272727273', 'Vel at quae', 'thumbnails/postgraduate-degree-courses-search.jpg', 'Aliquam cupiditate porro fuga ducimus labore sapiente eius reprehenderit veri', '1', 28, 2, '2019-05-02 22:40:34.916784', '2019-05-02 22:40:34.916784', 'Lorem ipsum dolor sit amet, consectetur adipisicing elit, sed do eiusmod tempor incididunt ut labore et dolore magna aliqua. Ut enim ad minim veniam, quis nostrud exercitation ullamco laboris nisi ut aliquip ex ea commodo consequat. Duis aute irure dolor in reprehenderit in voluptate velit esse cillum dolore eu fugiat nulla pariatur. Excepteur sint occaecat cupidatat non proident, sunt in culpa qui officia deserunt mollit anim id est laborum.

Unde culpa tempore asperiores repudiandae quibusdam nihil fugiat veritatis dolores, quidem aut molestias ullam hic accusantium recusandae fugit delectus quam accusamus deserunt. Eos pariatur laborum et beatae quibusdam inventore laudantium id natus libero, eaque explicabo nesciunt nostrum iste tempore? Reprehenderit suscipit doloribus voluptate, nam nemo eaque, amet voluptatum a assumenda laudantium labore quis dolore ut dolores?

Ratione nisi autem, explicabo eius non obcaecati praesentium voluptatem similique, quod doloremque exercitationem dolorum laboriosam quos quaerat qui perspiciatis placeat sapiente vel, corporis dolorem numquam necessitatibus facilis dignissimos, quia dolorem labore fuga natus. Ex et debitis nulla obcaecati voluptatibus harum ea voluptas consequatur a nam, fuga nemo non minima totam voluptate, minima minus quibusdam rerum perspiciatis quod enim recusandae obcaecati sunt saepe, ipsam reprehenderit impedit eius enim similique?'),
('Course Number 5', 'debitis-nihil-odio-explicabo-obcaecati-repellat-maxime-tenetur-commodi-quod-sed-magni-dolores-officia-ex-impedit-quod-qu', 'Lorem ipsum dolor sit amet, consectetur adipisicing elit, sed do eiusmod tempor incididunt ut labore et dolore magna aliqua. Ut enim ad minim veniam, quis nostrud exercitation ullamco laboris nisi ut aliquip ex ea commodo consequat. Duis aute irure dolor in reprehenderit in voluptate velit esse cillum dolore eu fugiat nulla pariatur. Excepteur sint occaecat cupidatat non proident, sunt in culpa qui officia deserunt mollit anim id est laborum.

Saepe laboriosam earum, nostrum at minima quibusdam deserunt vitae.

Cupiditate rerum dolor quam, laborum eaque consectetur dolorem commodi corporis voluptate velit excepturi minima similique. Sequi reprehenderit excepturi in voluptatem consequuntur unde earum, est eveniet necessitatibus magni ullam?', 'Doloribus ipsa ex voluptate laudantium sed quidem facere eos, nulla eligendi saepe, accusamus quibusdam quidem iusto optio exerci', 'Eum voluptatem harum non quo provident beatae. Recusandae maiores hic est aliquam ea, ipsa vero neque tempora sunt itaque, quis perferendis pariatur corporis quo, aut', 'Quas optio rerum expedita ratione similique odio minus, sequi obcaecati harum recusandae eum similique', '6446.54545454546', 'Sint quas', 'thumbnails/postgraduate-degree-courses-search.jpg', 'Earum quis ratione perferendis, ducimus temporibus ad paria', '1', 19, 1, '2019-05-02 22:40:34.956786', '2019-05-02 22:40:34.956786', 'Lorem ipsum dolor sit amet, consectetur adipisicing elit, sed do eiusmod tempor incididunt ut labore et dolore magna aliqua. Ut enim ad minim veniam, quis nostrud exercitation ullamco laboris nisi ut aliquip ex ea commodo consequat. Duis aute irure dolor in reprehenderit in voluptate velit esse cillum dolore eu fugiat nulla pariatur. Excepteur sint occaecat cupidatat non proident, sunt in culpa qui officia deserunt mollit anim id est laborum.

Laudantium ut quasi dolore in dolorum molestias magnam dolor, debitis cupiditate commodi maxime quod, delectus eaque incidunt obcaecati nesciunt rem quia, doloribus praesentium ex commodi temporibus soluta maxime neque pariatur quibusdam eveniet, sit voluptatibus nulla quos. Eum rem reiciendis excepturi optio, saepe blanditiis mollitia voluptatem incidunt officiis, aspernatur expedita quos ea excepturi eius illo in amet?

Culpa veniam accusantium, doloribus excepturi eius error nisi similique tenetur, earum incidunt ex facere molestiae autem quo, nostrum impedit fugit vitae error mollitia autem quos labore, harum at laboriosam optio accusamus.'),
('Course Number 1', 'ab-repudiandae-omnis-fugiat-tenetur-totam-fugiat-aliquid-consequatur-natus-laborum-quod-quos-praesentium-cumque-totam-iste-unde-ratione', 'Lorem ipsum dolor sit amet, consectetur adipisicing elit, sed do eiusmod tempor incididunt ut labore et dolore magna aliqua. Ut enim ad minim veniam, quis nostrud exercitation ullamco laboris nisi ut aliquip ex ea commodo consequat. Duis aute irure dolor in reprehenderit in voluptate velit esse cillum dolore eu fugiat nulla pariatur. Excepteur sint occaecat cupidatat non proident, sunt in culpa qui officia deserunt mollit anim id est laborum.

Qui ipsa mollitia veritatis veniam deserunt, vel laborum a officia illum vitae velit, soluta vitae ullam, assumenda asperiores accusantium earum sint nostrum praesentium quis laudantium nisi. Dolore reiciendis nisi, velit quam inventore nostrum maxime repudiandae consectetur sapiente odio rem eos molestiae?

Nisi dolorum velit aliquid praesentium consequuntur odit delectus laborum molestias minima quibusdam, quae odio perspiciatis natus eveniet ea repellat exercitationem impedit?', 'Suscipit eaque necessitatibus expedita delectus numquam? Voluptat', 'Esse soluta asperiores dolore assumenda dolores, aperiam dolore debitis provident eum quasi itaque tempore, voluptas animi', 'Consequatur quam corrupti dolores exercitationem, voluptatibus blanditiis beatae tenetur obcaecati vel modi necessitatibus fuga asperiores consectetur, bea', '72117.6363636364', 'Ipsum', 'thumbnails/postgraduate-degree-courses-search.jpg', 'Nihil dolor doloribus, officia quasi eaque corporis ipsam fug', '1', 19, 1, '2019-05-02 22:40:34.988792', '2019-05-02 22:40:34.988792', 'Lorem ipsum dolor sit amet, consectetur adipisicing elit, sed do eiusmod tempor incididunt ut labore et dolore magna aliqua. Ut enim ad minim veniam, quis nostrud exercitation ullamco laboris nisi ut aliquip ex ea commodo consequat. Duis aute irure dolor in reprehenderit in voluptate velit esse cillum dolore eu fugiat nulla pariatur. Excepteur sint occaecat cupidatat non proident, sunt in culpa qui officia deserunt mollit anim id est laborum.

Soluta magnam ipsam, cumque perferendis animi doloribus cupiditate obcaecati facere, sint aspernatur repudiandae reiciendis voluptatem at velit deserunt sit voluptate, animi veniam alias dolores soluta consequuntur nam dolorum similique nisi amet maxime, beatae ipsum repellat voluptates laboriosam reiciendis soluta voluptatum minima sunt obcaecati? Voluptatibus quasi necessitatibus vero.

Consectetur placeat non totam veritatis voluptatibus eaque illum. Placeat quis inventore illo voluptates rerum laborum sit consectetur fugiat praesentium, iusto iure blanditiis, aut magnam quod recusandae necessitatibus aliquam minus ullam ex aliquid, consequatur voluptate maxime incidunt odio voluptatem consequuntur. Delectus possimus maxime adipisci debitis cupiditate rerum, totam illo sint voluptas ducimus architecto, eligendi tempora adipisci exercitationem accusamus similique tempore dolor, perferendis quibusdam perspiciatis distinctio aliquam debitis fugit doloremque, aperiam doloribus accusamus nostrum.'),
('Course Number 23', 'quam-exercitationem-odio-facilis-velit-saepe-pari', 'Lorem ipsum dolor sit amet, consectetur adipisicing elit, sed do eiusmod tempor incididunt ut labore et dolore magna aliqua. Ut enim ad minim veniam, quis nostrud exercitation ullamco laboris nisi ut aliquip ex ea commodo consequat. Duis aute irure dolor in reprehenderit in voluptate velit esse cillum dolore eu fugiat nulla pariatur. Excepteur sint occaecat cupidatat non proident, sunt in culpa qui officia deserunt mollit anim id est laborum.

Quod culpa veniam atque repudiandae. Aut non saepe porro earum officiis quo dolores omnis quidem nemo, natus maiores voluptate tempora ut vel fugiat, quam odio inventore modi deserunt eum, dignissimos tenetur voluptatem inventore ipsum iste at fugiat iusto quis delectus? Nihil est velit, necessitatibus voluptates ut recusandae ullam temporibus nihil exercitationem nisi eum molestias? Perspiciatis laboriosam ea doloribus tempora possimus distinctio in, perspiciatis dicta soluta voluptatem aliquam minima aut, tempore quo labore saepe?

Doloribus incidunt ad at esse in exercitationem, officiis tempore aliquid quas blanditiis fugit soluta corrupti, temporibus eius autem commodi debitis perferendis asperiores quo cupiditate, tempora debitis porro ratione, recusandae reprehenderit possimus atque laborum quibusdam in vel placeat natus. Sequi non at nesciunt excepturi eius illo inventore corrupti, eum asperiores maiores inventore molestias placeat fugiat itaque laudantium consectetur iste, voluptatum inventore delectus iste repellendus?', 'Veniam nesciunt nam exercitationem, quam eaque unde impedit aliquid, iure amet totam voluptates doloremque soluta debitis eius, facilis dicta reprehe', 'Corporis iusto soluta nam ullam, quo cum ut aspernatur ex labore sed a provident eos voluptate, dolorem eligendi ad d', 'Quaerat blanditiis dolorum', '38684.2727272727', 'Esse fugit u', 'thumbnails/postgraduate-degree-courses-search.jpg', 'Placeat cumque nobis consectetur distinctio, officiis expe', '1', 33, 2, '2019-05-02 22:40:35.016794', '2019-05-02 22:40:35.016794', 'Lorem ipsum dolor sit amet, consectetur adipisicing elit, sed do eiusmod tempor incididunt ut labore et dolore magna aliqua. Ut enim ad minim veniam, quis nostrud exercitation ullamco laboris nisi ut aliquip ex ea commodo consequat. Duis aute irure dolor in reprehenderit in voluptate velit esse cillum dolore eu fugiat nulla pariatur. Excepteur sint occaecat cupidatat non proident, sunt in culpa qui officia deserunt mollit anim id est laborum.

Velit qui optio numquam labore repellendus, reiciendis a accusamus maiores doloremque sed laborum quaerat aliquam aperiam totam necessitatibus.

Fuga temporibus sint tempore quis unde porro?'),
('Course Number 24', 'quam-id-natus-itaque-necessitatibus-magnam-consectetur-ab-saepe-dolore-possimus-placeat-minus-incidunt-architecto-cum-voluptatem-voluptatibus-se', 'Lorem ipsum dolor sit amet, consectetur adipisicing elit, sed do eiusmod tempor incididunt ut labore et dolore magna aliqua. Ut enim ad minim veniam, quis nostrud exercitation ullamco laboris nisi ut aliquip ex ea commodo consequat. Duis aute irure dolor in reprehenderit in voluptate velit esse cillum dolore eu fugiat nulla pariatur. Excepteur sint occaecat cupidatat non proident, sunt in culpa qui officia deserunt mollit anim id est laborum.

Voluptates consequuntur minus officiis dolores magnam quam cum assumenda, quasi exercitationem ex ipsa commodi ipsum quod, omnis esse quas obcaecati nemo. Soluta laboriosam possimus quo eius perspiciatis quibusdam dolorum dolores, nulla explicabo molestias dolorem eos eius illum, eaque facere aliquam iure quia modi totam consequatur fugit quidem, veniam laborum cumque quo molestiae animi. Eius harum officia voluptate deleniti accusantium quisquam voluptates iste pariatur quod, commodi iusto voluptates? Quam iure facilis inventore dolores quia dignissimos et soluta, aperiam iure doloribus a odio sapiente nihil optio itaque, accusantium doloribus autem cupiditate repellat voluptas ad velit ab deserunt recusandae necessitatibus?

Reiciendis perspiciatis eaque?', 'Expedita exercitationem soluta officiis inventore distinctio eveniet sint, alias odio cupiditate illo est quam ullam repudiandae. Eos li', 'Odit illo ut eveniet explicabo debitis aliquam dolor ratione sequi, animi labore', 'Iusto blanditiis vitae temporibus, liber', '8299.81818181818', 'Eius aliquid susci', 'thumbnails/postgraduate-degree-courses-search.jpg', 'Accusamus minima fuga molestias, facere exercitationem aperiam do', '1', 33, 2, '2019-05-02 22:40:35.028791', '2019-05-02 22:40:35.028791', 'Lorem ipsum dolor sit amet, consectetur adipisicing elit, sed do eiusmod tempor incididunt ut labore et dolore magna aliqua. Ut enim ad minim veniam, quis nostrud exercitation ullamco laboris nisi ut aliquip ex ea commodo consequat. Duis aute irure dolor in reprehenderit in voluptate velit esse cillum dolore eu fugiat nulla pariatur. Excepteur sint occaecat cupidatat non proident, sunt in culpa qui officia deserunt mollit anim id est laborum.

Voluptatum mollitia ad ipsum exercitationem aspernatur ratione deserunt ea soluta? Tenetur voluptate sint quia dolorem perspiciatis repellat quam sequi corporis, sequi tenetur veritatis illum nulla dolore delectus quod dignissimos, omnis expedita repudiandae unde quae quia animi maiores, placeat ducimus assumenda ex eius officiis eos, porro officia quisquam hic dignissimos aperiam tenetur nobis? Provident alias deleniti pariatur ipsam dolorem omnis quam iste eligendi quod earum, nemo ullam doloremque aperiam culpa a quam, vel nulla quidem adipisci, iste debitis libero, praesentium optio placeat cum voluptates animi eius qui? Eius officia odit aliquam reiciendis hic quae deserunt, tempora atque consectetur blanditiis corrupti odio, recusandae laborum non voluptas quis nisi quibusdam?

Ipsam quisquam dicta blanditiis alias, modi ut voluptas dolores.'),
('Course Number 12', 'ipsum-aut-illum-voluptate-consequuntur-rerum-ex-voluptatum-doloremque-animi-corporis-omnis-earum', 'Lorem ipsum dolor sit amet, consectetur adipisicing elit, sed do eiusmod tempor incididunt ut labore et dolore magna aliqua. Ut enim ad minim veniam, quis nostrud exercitation ullamco laboris nisi ut aliquip ex ea commodo consequat. Duis aute irure dolor in reprehenderit in voluptate velit esse cillum dolore eu fugiat nulla pariatur. Excepteur sint occaecat cupidatat non proident, sunt in culpa qui officia deserunt mollit anim id est laborum.

Possimus veritatis maxime velit laboriosam corrupti. Adipisci porro est eos aspernatur magnam unde, molestiae quidem expedita quia laborum sint hic atque doloremque sunt modi? Assumenda tempora facere et accusamus, error ratione perspiciatis sed vitae temporibus exercitationem delectus aliquid.

Fuga perspiciatis iusto tempore deserunt dicta voluptas possimus, alias corrupti reiciendis ducimus nostrum perferendis nobis, nulla at mollitia aut voluptatibus quas?', 'Quam explicabo deleniti et omnis ut sunt, reprehenderit incidunt velit commodi tempore vel repudiandae, reiciendis fugiat ex. Temporibus nemo aperiam consequuntur atque e', 'Fugit consequuntur quasi voluptas dolorum accusamus mollitia, libero numquam asperi', 'Expedita sequi quas aperiam nemo officiis nesciunt, voluptas culpa veniam est tempora nisi error excepturi magnam, voluptatibus eaque voluptas facilis? Architecto omnis quam et aut a', '20007.4545454545', 'Excepturi asperiores', 'thumbnails/postgraduate-degree-courses-search.jpg', 'Perferendis hic quod molestias ad m', '1', 19, 1, '2019-05-02 22:40:35.048792', '2019-05-02 22:40:35.048792', 'Lorem ipsum dolor sit amet, consectetur adipisicing elit, sed do eiusmod tempor incididunt ut labore et dolore magna aliqua. Ut enim ad minim veniam, quis nostrud exercitation ullamco laboris nisi ut aliquip ex ea commodo consequat. Duis aute irure dolor in reprehenderit in voluptate velit esse cillum dolore eu fugiat nulla pariatur. Excepteur sint occaecat cupidatat non proident, sunt in culpa qui officia deserunt mollit anim id est laborum.

Pariatur voluptatem ut, voluptate adipisci dolor amet ab ut, eos perferendis saepe maiores eaque sed explicabo laboriosam quam totam? Eius ab quam velit nemo unde animi, id at dolores amet cumque hic officiis maxime sapiente, in recusandae rerum voluptate adipisci perferendis sequi et dolorem error placeat, dicta vero sequi atque quas architecto excepturi totam ipsa accusantium repudiandae placeat. Earum cupiditate aspernatur natus?

Tenetur repellat eos recusandae dicta sapiente asperiores provident nemo odio, facere ipsum doloribus rerum porro consequatur dolor velit unde assumenda provident, minima quod maxime, sit qui eligendi officia nam modi dignissimos commodi autem voluptatum? Sed consequatur fuga, laboriosam corporis debitis consequatur aliquid ex harum asperiores? Animi iste magni harum non.'),
('Course Number 16', 'minus-sint-obcaecati-in-nostrum-accusantium-architecto-nulla-mollitia-illum-sapiente-qui', 'Lorem ipsum dolor sit amet, consectetur adipisicing elit, sed do eiusmod tempor incididunt ut labore et dolore magna aliqua. Ut enim ad minim veniam, quis nostrud exercitation ullamco laboris nisi ut aliquip ex ea commodo consequat. Duis aute irure dolor in reprehenderit in voluptate velit esse cillum dolore eu fugiat nulla pariatur. Excepteur sint occaecat cupidatat non proident, sunt in culpa qui officia deserunt mollit anim id est laborum.

Laboriosam cum commodi hic ipsum, numquam enim ipsa ad aliquid, voluptate facere praesentium, dolorem ut reprehenderit accusamus consequuntur autem, reprehenderit assumenda in fugiat temporibus. Laudantium error eum rerum veniam officiis placeat delectus eaque reiciendis exercitationem velit, praesentium enim odit non minima iusto? Repellat est eum itaque, at quos recusandae, quidem consectetur recusandae totam ratione repellat, deleniti sint id tenetur. Porro maiores enim optio illo.

Illo ea placeat beatae nesciunt, dolores ut libero voluptatem reprehenderit rem, vero aperiam quibusdam saepe maxime, beatae id aspernatur nesciunt quo iusto blanditiis magni explicabo. Officiis explicabo natus suscipit velit ducimus, porro quae iusto molestias minus eum dolore, reprehenderit porro at sit laborum magnam cum praesentium voluptatibus, qui voluptates error et maxime dolore architecto, deserunt ad cupiditate soluta aperiam maiores voluptatem officiis neque voluptates sequi dolorum? Suscipit architecto ea impedit atque fugiat nostrum expedita inventore, dolore ipsam voluptatem a necessitatibus aperiam alias quis voluptate unde voluptatum, minus ipsa ea sint inventore qui iste eaque enim dolorum, vitae pariatur nihil ratione corporis enim maxime blanditiis.', 'Quas cum recusandae? Inventore sint laboriosam consectetur dolorem itaque, in minima porro repellendus neque magnam sunt sapiente. Velit libero similique rem', 'Necessitatibus quas molestiae eaque adipisc', 'Cupiditate ratione saepe non, voluptates dignissimos magni laborum aspernatur, similique ab', '48805.8181818182', 'Dolorum porro quae e', 'thumbnails/postgraduate-degree-courses-search.jpg', 'Molestiae rem voluptate necessitatibus nobis itaque labore architecto nihil incidunt ea. Cupidi', '1', 25, 2, '2019-05-02 22:40:35.076812', '2019-05-02 22:40:35.076812', 'Lorem ipsum dolor sit amet, consectetur adipisicing elit, sed do eiusmod tempor incididunt ut labore et dolore magna aliqua. Ut enim ad minim veniam, quis nostrud exercitation ullamco laboris nisi ut aliquip ex ea commodo consequat. Duis aute irure dolor in reprehenderit in voluptate velit esse cillum dolore eu fugiat nulla pariatur. Excepteur sint occaecat cupidatat non proident, sunt in culpa qui officia deserunt mollit anim id est laborum.

Eum vitae illum modi est ex neque at vel, quaerat tenetur nemo ut similique, dolore soluta tempora quo, inventore quaerat voluptas reprehenderit dolor?

Eos mollitia id nesciunt ipsa sint dicta? Culpa at ipsa enim dolorum repellendus animi odit, ducimus explicabo molestias itaque unde inventore nihil.'),
('Course Number 18', 'officiis-mollitia-error-minus-temporibus-ipsa-dolore-corporis-cumque-it', 'Lorem ipsum dolor sit amet, consectetur adipisicing elit, sed do eiusmod tempor incididunt ut labore et dolore magna aliqua. Ut enim ad minim veniam, quis nostrud exercitation ullamco laboris nisi ut aliquip ex ea commodo consequat. Duis aute irure dolor in reprehenderit in voluptate velit esse cillum dolore eu fugiat nulla pariatur. Excepteur sint occaecat cupidatat non proident, sunt in culpa qui officia deserunt mollit anim id est laborum.

Voluptatibus veniam quod vel natus omnis accusamus? Incidunt maxime voluptatum, unde ratione quae, labore quam nemo quibusdam sed perspiciatis delectus ducimus mollitia animi? Consequuntur amet porro odit molestias accusantium error minus incidunt quaerat veniam ipsam, architecto assumenda voluptatem nulla aut praesentium fuga in, sapiente omnis incidunt alias, cumque neque deleniti dolore in velit laboriosam quae non natus nobis dolores, facere omnis quidem cupiditate officia quis tenetur officiis non animi aut dolor? Aspernatur natus cum vel ipsam ea, ex ipsam a ab ipsum maiores velit modi adipisci nisi?

Alias animi itaque debitis perferendis quam dolores cum quis, veritatis itaque possimus rem minus cumque et ratione non autem illum provident, incidunt aut ipsa mollitia molestiae iure impedit, optio a earum iusto ratione. Laudantium repudiandae et animi aspernatur praesentium velit dolorem, aliquid natus minus.', 'Cumque officia temporibus accusantium aperiam omnis explicabo unde similique nihil, quidem tempora beatae no', 'Doloremque soluta labore sed natus aspernatur excepturi architecto corrup', 'Dolor voluptatum dolores consequatur aliquid nemo autem omnis inventore facilis vero aperiam, dolores nobis veniam rem', '49748.5454545455', 'Labore perfere', 'thumbnails/postgraduate-degree-courses-search.jpg', 'Sapiente repellendus labore deleniti odio quisquam delectus, quia', '1', 28, 2, '2019-05-02 22:40:35.088813', '2019-05-02 22:40:35.088813', 'Lorem ipsum dolor sit amet, consectetur adipisicing elit, sed do eiusmod tempor incididunt ut labore et dolore magna aliqua. Ut enim ad minim veniam, quis nostrud exercitation ullamco laboris nisi ut aliquip ex ea commodo consequat. Duis aute irure dolor in reprehenderit in voluptate velit esse cillum dolore eu fugiat nulla pariatur. Excepteur sint occaecat cupidatat non proident, sunt in culpa qui officia deserunt mollit anim id est laborum.

Sequi velit repudiandae cupiditate quas, facere voluptates sit quis iste odit voluptate consectetur et possimus quidem accusamus, quidem suscipit accusantium perspiciatis repellat id. Pariatur minus enim in, expedita modi voluptates suscipit omnis officia porro maiores quam.

Ipsum tenetur optio, excepturi architecto laudantium labore ipsum porro modi adipisci, quae eos placeat totam beatae deserunt. Eum quis quisquam in odio explicabo, pariatur explicabo distinctio eveniet quos quibusdam maxime ea non nam? Eligendi at fugit sit voluptas officia vitae dolorum illo, voluptas molestiae dolores ipsam reiciendis blanditiis ab ut, adipisci in voluptatum cupiditate, quasi et minima repudiandae tempore maxime consequuntur in? Laboriosam vel doloribus libero eveniet, eligendi nostrum debitis atque perspiciatis repudiandae praesentium odit quibusdam fugiat omnis voluptatum.'),
('Course Number 10', 'eum-minus-dicta-quam-dolores-vero-nesciunt-distinc', 'Lorem ipsum dolor sit amet, consectetur adipisicing elit, sed do eiusmod tempor incididunt ut labore et dolore magna aliqua. Ut enim ad minim veniam, quis nostrud exercitation ullamco laboris nisi ut aliquip ex ea commodo consequat. Duis aute irure dolor in reprehenderit in voluptate velit esse cillum dolore eu fugiat nulla pariatur. Excepteur sint occaecat cupidatat non proident, sunt in culpa qui officia deserunt mollit anim id est laborum.

Velit quaerat sed vero natus iste eveniet quasi explicabo ratione sint reiciendis? Aperiam tempore dignissimos porro, sint culpa harum voluptatum deleniti eius quam fugit praesentium veritatis, saepe voluptatibus labore autem quibusdam ab cumque, vel deserunt ea aspernatur laboriosam adipisci quas porro doloremque.

Aut impedit vitae ab blanditiis magnam voluptatum quidem aperiam nihil nemo harum, quisquam velit quos veritatis consequatur a alias quibusdam distinctio iste? Optio deleniti sit, molestiae voluptates quidem ut cum perspiciatis unde labore. Iusto neque explicabo esse quas vel voluptatem temporibus modi nostrum officia provident, laudantium possimus id magni libero esse obcaecati distinctio deleniti dolorum harum ratione? Cumque molestias harum optio inventore adipisci minima culpa, cum et accusamus excepturi quas necessitatibus fuga dolores rem voluptas illo modi?', 'Blanditiis architecto dolorem, praesentium accusantium dolores quidem quia laboriosam? Recusanda', 'Accusantium molestiae nostrum nemo dolorem, aliquam error quis sed dolore accusantium pariatur ipsum laudantium? Nihil amet tempore nobis eos mollitia voluptates, eiu', 'Ipsum labore veniam repellendus quas temporibus laudantium animi impedit tempora repellat, perspiciatis accusantium adipisci facere', '92846.6363636364', 'Voluptates at recusa', 'thumbnails/postgraduate-degree-courses-search.jpg', 'Rem adipisci magni eaque, distinctio consequatur ipsum cumque repellendus, unde ve', '1', 33, 1, '2019-05-02 22:40:35.104796', '2019-05-02 22:40:35.104796', 'Lorem ipsum dolor sit amet, consectetur adipisicing elit, sed do eiusmod tempor incididunt ut labore et dolore magna aliqua. Ut enim ad minim veniam, quis nostrud exercitation ullamco laboris nisi ut aliquip ex ea commodo consequat. Duis aute irure dolor in reprehenderit in voluptate velit esse cillum dolore eu fugiat nulla pariatur. Excepteur sint occaecat cupidatat non proident, sunt in culpa qui officia deserunt mollit anim id est laborum.

Repellat vitae eligendi voluptatem facere reiciendis nihil repudiandae autem impedit? Laboriosam voluptates temporibus aspernatur possimus quo ipsa ad molestias, laboriosam veniam ea eligendi ipsa ipsam a atque repellat suscipit est accusantium, perferendis et maiores vero dolorem quas at autem suscipit omnis, sit sunt saepe quis ipsa natus unde excepturi, beatae doloremque facere ipsa harum commodi. Quas sint magnam ipsam ipsum recusandae laborum sapiente aspernatur ratione voluptates, ex repellat recusandae quasi culpa, quae nemo minus voluptas pariatur dicta natus, omnis architecto eligendi quibusdam accusantium amet excepturi, nisi quis facilis cum praesentium vero recusandae maiores aperiam?

Expedita ab maiores at fugiat quia ducimus eius consequatur quam. Provident nesciunt nulla suscipit modi nisi animi, voluptatum exercitationem fuga aliquam tempore?'),
('Course Number 2', 'accusamus-facilis-magnam-officiis-error-enim-impe', 'Lorem ipsum dolor sit amet, consectetur adipisicing elit, sed do eiusmod tempor incididunt ut labore et dolore magna aliqua. Ut enim ad minim veniam, quis nostrud exercitation ullamco laboris nisi ut aliquip ex ea commodo consequat. Duis aute irure dolor in reprehenderit in voluptate velit esse cillum dolore eu fugiat nulla pariatur. Excepteur sint occaecat cupidatat non proident, sunt in culpa qui officia deserunt mollit anim id est laborum.

Porro doloremque dolorum sed ut explicabo tempora deserunt, ex esse tempore id rerum quo error quos itaque inventore, ratione expedita labore et nobis, facilis rem quibusdam debitis possimus unde vero in amet maiores asperiores ipsam. Ducimus ad animi cupiditate error dignissimos distinctio? Ducimus molestiae quos accusamus debitis architecto sit facere aliquam perspiciatis autem.

Voluptas maiores neque soluta esse odit aut delectus, eius minus temporibus voluptatibus neque cupiditate. Ducimus non veniam voluptatibus dolor ex adipisci nobis ad deleniti reiciendis corrupti, repellat delectus deleniti ab quos dolorum esse perferendis velit repellendus mollitia enim. At deserunt fugit neque vel earum non aperiam, velit labore deserunt quibusdam distinctio optio impedit facere nisi odio voluptatum, accusamus necessitatibus dicta quia repudiandae asperiores at veniam tempora. Ex facilis ipsa possimus quo quae architecto ratione numquam facere cumque, saepe atque est molestias vero odit, nesciunt sint aliquam quas eius molestiae expedita libero corporis perferendis ullam, beatae rerum quo maiores dignissimos aliquam dolores, ipsum nesciunt eum modi omnis enim nam illum quasi facere expedita.', 'Odit dolore voluptate dolorem illo dolorum tempora doloremque tempore recusandae quae, consequuntur nesciunt dignissimos iste dolores do', 'Quo expedita quia fugit laudantium animi ipsum quae amet officia commodi laboriosam, et error voluptates consequatur conseq', 'Voluptate perspiciatis beatae praesentium vero pariatur, numquam repellat quod officiis, consequuntur praesentium error at ea', '74386.1818181818', 'Accusamus reiciend', 'thumbnails/postgraduate-degree-courses-search.jpg', 'Quas repudiandae illum volupt', '1', 28, 2, '2019-05-02 22:40:35.132816', '2019-05-02 22:40:35.132816', 'Lorem ipsum dolor sit amet, consectetur adipisicing elit, sed do eiusmod tempor incididunt ut labore et dolore magna aliqua. Ut enim ad minim veniam, quis nostrud exercitation ullamco laboris nisi ut aliquip ex ea commodo consequat. Duis aute irure dolor in reprehenderit in voluptate velit esse cillum dolore eu fugiat nulla pariatur. Excepteur sint occaecat cupidatat non proident, sunt in culpa qui officia deserunt mollit anim id est laborum.

Corporis praesentium possimus odit ratione, laudantium voluptate expedita mollitia molestiae iure labore, vero repudiandae a minus incidunt dolores obcaecati minima odio deleniti, et facere quibusdam illo quae veniam dignissimos explicabo, quas libero aliquid veniam doloremque distinctio eos deserunt iusto laudantium earum? Illo modi ut expedita ipsum fuga, eaque voluptates tenetur non ipsa voluptas quod nobis necessitatibus beatae quis iste, non cum illo dicta praesentium magnam sint sapiente iure quidem facilis qui? Deleniti vel assumenda accusamus consectetur ipsa architecto minima sunt.

Adipisci consequuntur soluta ex ullam inventore mollitia esse minima? Explicabo ducimus repellendus sit voluptates provident nulla earum dicta odio, eveniet suscipit velit iste quisquam, quisquam repellendus tempore magnam, placeat velit dicta quam magnam sequi doloremque nisi ullam numquam porro, minima maiores dolorem magnam quibusdam modi quis fugiat quam expedita? Cupiditate accusantium sint magnam maiores deleniti eius asperiores eum nulla praesentium. Laudantium deleniti consequuntur facilis voluptatibus accusantium a ullam quibusdam, fugiat cum aut nihil odio esse?'),
('Course Number 17', 'natus-excepturi-harum-consectetur-quaerat-omnis-optio-reiciendis-temporibus-dignissi', 'Lorem ipsum dolor sit amet, consectetur adipisicing elit, sed do eiusmod tempor incididunt ut labore et dolore magna aliqua. Ut enim ad minim veniam, quis nostrud exercitation ullamco laboris nisi ut aliquip ex ea commodo consequat. Duis aute irure dolor in reprehenderit in voluptate velit esse cillum dolore eu fugiat nulla pariatur. Excepteur sint occaecat cupidatat non proident, sunt in culpa qui officia deserunt mollit anim id est laborum.

Odit tenetur maxime dolores repellendus rem perspiciatis reiciendis iusto, maiores dolorem fuga atque mollitia accusantium deserunt et, consequuntur vitae provident tempora sed voluptatum voluptate laborum aut, ex dicta fuga rem repellendus, vero explicabo illo nisi quae labore? Autem labore harum? Molestias non neque iure labore deserunt, facilis officiis at numquam culpa quaerat perspiciatis iure quas molestias odit, earum officia dignissimos cumque quibusdam quasi id labore ex, eum ad explicabo cumque impedit?

Expedita fugiat explicabo veniam quia, quo minus laborum debitis? Quas ratione necessitatibus, illo maiores numquam recusandae laudantium aut itaque neque corrupti assumenda voluptates? Vero eius quod delectus, quibusdam beatae ea suscipit ut iusto facere ex optio dolor adipisci quo, temporibus dolore obcaecati doloribus cumque tempore voluptates consectetur. Tempora cumque ab quaerat nam quidem pariatur culpa consequuntur.', 'Atque in dignissimos repellendus quos aliquid quidem quo sapiente officiis assumenda officia, cumque ad in', 'Magnam inventore cupiditate? Perspiciatis exercitationem iure porro cumque tempora distinctio. Officia vero voluptatum arch', 'Ipsam maiores voluptates quae consequuntur, nesciunt saepe voluptates porro nihil assumenda velit accusamus dolore, deleniti sit voluptas modi, eligendi', '7661.81818181818', 'Cupiditate laborum', 'thumbnails/postgraduate-degree-courses-search.jpg', 'Explicabo similique molestias c', '1', 28, 1, '2019-05-02 22:40:35.144802', '2019-05-02 22:40:35.144802', 'Lorem ipsum dolor sit amet, consectetur adipisicing elit, sed do eiusmod tempor incididunt ut labore et dolore magna aliqua. Ut enim ad minim veniam, quis nostrud exercitation ullamco laboris nisi ut aliquip ex ea commodo consequat. Duis aute irure dolor in reprehenderit in voluptate velit esse cillum dolore eu fugiat nulla pariatur. Excepteur sint occaecat cupidatat non proident, sunt in culpa qui officia deserunt mollit anim id est laborum.

Cupiditate qui quisquam provident libero repellendus assumenda fuga sed? Repellat expedita mollitia ex quae aliquid minima ratione consequatur ad harum soluta, laudantium praesentium soluta quod molestias, consectetur sapiente iusto ab, facilis dolorum ipsa perferendis explicabo eligendi laudantium porro reprehenderit.

Dolorem veritatis rem corporis ipsa quibusdam vitae, incidunt dolore nobis nihil voluptate perspiciatis expedita similique? Minus similique aliquid minima animi quibusdam, quisquam omnis suscipit est illo voluptatem eius numquam magni nulla incidunt ducimus, mollitia quod molestias labore dolore earum temporibus ab commodi at. Nemo consectetur numquam? Provident molestiae repellat omnis at, vel dolorum animi magnam voluptatum, reprehenderit sunt consequatur ea cum dolores ad voluptas corporis, necessitatibus voluptatum sed rem mollitia expedita quia exercitationem ipsa maxime a molestias?'),
('Course Number 4', 'ad-sapiente-nesciunt-quas-tempor', 'Lorem ipsum dolor sit amet, consectetur adipisicing elit, sed do eiusmod tempor incididunt ut labore et dolore magna aliqua. Ut enim ad minim veniam, quis nostrud exercitation ullamco laboris nisi ut aliquip ex ea commodo consequat. Duis aute irure dolor in reprehenderit in voluptate velit esse cillum dolore eu fugiat nulla pariatur. Excepteur sint occaecat cupidatat non proident, sunt in culpa qui officia deserunt mollit anim id est laborum.

Saepe fugiat nisi ab optio id distinctio, natus facilis provident aperiam magni accusantium asperiores in, beatae libero enim sequi assumenda saepe odio, sapiente unde maiores explicabo nisi non fugiat deserunt, necessitatibus perspiciatis modi eligendi. Voluptatibus adipisci deleniti aspernatur voluptates? Nisi eveniet enim inventore quae dignissimos?

Perferendis officiis culpa tenetur quibusdam aperiam, optio similique amet nemo ipsam vel vitae voluptates, animi totam corporis laboriosam voluptate reprehenderit deserunt.', 'Quas magnam deserunt officia autem ullam perspiciatis ipsu', 'Odio sed quo iusto optio velit facere corrupti exercitationem unde sapiente recusandae, autem dicta sint earum, quo delectus voluptates ab amet laboriosam tempore? Maiores modi reprehe', 'Eveniet odit expedita vero fugit obcaecati magni beatae necessit', '60709.5454545455', 'Sed numquam debitis', 'thumbnails/postgraduate-degree-courses-search.jpg', 'Libero sint omnis fugit', '1', 25, 1, '2019-05-02 22:40:35.172819', '2019-05-02 22:40:35.172819', 'Lorem ipsum dolor sit amet, consectetur adipisicing elit, sed do eiusmod tempor incididunt ut labore et dolore magna aliqua. Ut enim ad minim veniam, quis nostrud exercitation ullamco laboris nisi ut aliquip ex ea commodo consequat. Duis aute irure dolor in reprehenderit in voluptate velit esse cillum dolore eu fugiat nulla pariatur. Excepteur sint occaecat cupidatat non proident, sunt in culpa qui officia deserunt mollit anim id est laborum.

Unde quos officia consequatur molestias eum cumque a omnis iste, perspiciatis eos nisi voluptatum ipsa natus laboriosam aperiam molestiae quis nobis praesentium, facere ex blanditiis fuga aperiam veniam?

Quo deserunt facere nemo mollitia accusantium, reprehenderit ipsa beatae, unde eum laboriosam totam sit delectus magnam distinctio qui pariatur quisquam blanditiis. Ad maxime et quis maiores fuga odio, dignissimos vitae facilis eius sed cum dolore, quasi non cum aut nostrum? Tempore dicta officiis? Quaerat illum illo saepe tempora beatae sunt maiores, a facere dolorum cupiditate vel?'),
('Course Number 27', 'ratione-inventore-architecto-neque-autem-consequatur-qui-totam-sapiente-laborum-aspernatur-obcaecati-re', 'Lorem ipsum dolor sit amet, consectetur adipisicing elit, sed do eiusmod tempor incididunt ut labore et dolore magna aliqua. Ut enim ad minim veniam, quis nostrud exercitation ullamco laboris nisi ut aliquip ex ea commodo consequat. Duis aute irure dolor in reprehenderit in voluptate velit esse cillum dolore eu fugiat nulla pariatur. Excepteur sint occaecat cupidatat non proident, sunt in culpa qui officia deserunt mollit anim id est laborum.

Ut quae cumque aut, incidunt blanditiis at iusto, porro facere iure eaque, quam quod cumque reiciendis explicabo sed eaque ea nam ex incidunt, distinctio minus voluptatem repellendus minima soluta? Mollitia non consectetur hic voluptas repellendus maiores dolor adipisci soluta, neque enim nulla facere atque aperiam, nam modi similique molestiae, ut sit officia sunt architecto expedita a excepturi aperiam similique quaerat dolorem, necessitatibus tenetur illum ea ducimus quaerat ad repudiandae sint commodi et veniam.

Autem minima praesentium sit inventore, placeat quas magnam iste consequatur ut libero obcaecati modi molestias?', 'Quibusdam recusandae illum eligendi iusto dicta dignissimos nesciunt quia molestias, quaera', 'Laboriosam sapiente praesentium voluptatem nemo eveniet, reprehenderit vel tenetur iure labo', 'Tenetur blanditiis temporibus earum vel possimus tempore commodi eveniet fuga vitae', '92473.8181818182', 'Harum eligendi', 'thumbnails/postgraduate-degree-courses-search.jpg', 'Quia ducimus blanditiis temporibus est ullam', '1', 32, 1, '2019-05-02 22:40:35.188820', '2019-05-02 22:40:35.188820', 'Lorem ipsum dolor sit amet, consectetur adipisicing elit, sed do eiusmod tempor incididunt ut labore et dolore magna aliqua. Ut enim ad minim veniam, quis nostrud exercitation ullamco laboris nisi ut aliquip ex ea commodo consequat. Duis aute irure dolor in reprehenderit in voluptate velit esse cillum dolore eu fugiat nulla pariatur. Excepteur sint occaecat cupidatat non proident, sunt in culpa qui officia deserunt mollit anim id est laborum.

Itaque hic aut natus saepe ipsam soluta ad repellat reiciendis facilis? Ea ducimus atque quo quisquam vel, consequuntur reprehenderit ea corrupti nostrum veritatis est quia, magnam nostrum quasi praesentium earum libero eum veniam, nemo et odit odio eligendi perspiciatis explicabo ea sapiente laborum itaque, assumenda sequi explicabo nam delectus quasi? Fugiat esse consequuntur ad laboriosam quibusdam consequatur rerum consectetur corrupti dolore, culpa fuga saepe quia nisi ut explicabo porro iste eum numquam, dolor architecto aliquam officia eum accusantium delectus inventore possimus?

Doloribus quos temporibus esse nihil repellendus praesentium nobis beatae necessitatibus, laudantium voluptas a vero recusandae omnis et, illo in cumque quia nihil porro earum accusamus, expedita voluptatem saepe sapiente illum quasi repellat unde. Optio voluptates reprehenderit rem, a quo veniam accusamus architecto, ipsam iste natus aut accusantium facere, corporis quia repudiandae consequatur nam distinctio ex esse, iusto illo cum nobis temporibus. Nihil laborum quae vero perspiciatis architecto aspernatur quia magni consectetur iusto.'),
('Course Number 29', 'voluptatem-pariatur-quasi-sit-alias-illo-laborum-voluptatibus-facilis-dignissimos-voluptate-sequi-nihil-illo-culpa-nam-atque-omnis-eveniet-volupta', 'Lorem ipsum dolor sit amet, consectetur adipisicing elit, sed do eiusmod tempor incididunt ut labore et dolore magna aliqua. Ut enim ad minim veniam, quis nostrud exercitation ullamco laboris nisi ut aliquip ex ea commodo consequat. Duis aute irure dolor in reprehenderit in voluptate velit esse cillum dolore eu fugiat nulla pariatur. Excepteur sint occaecat cupidatat non proident, sunt in culpa qui officia deserunt mollit anim id est laborum.

Recusandae quaerat optio a sapiente ipsum rem fugit, consequuntur nostrum a impedit adipisci quaerat eos doloribus, porro rem adipisci veniam nam deserunt, qui hic aut recusandae, excepturi quas tenetur rem aut sunt deserunt eos error perferendis? Unde accusantium delectus voluptas repellendus?

Inventore quam neque distinctio ad dolorum? Est minus mollitia quibusdam dolorem inventore possimus aspernatur doloribus sed officia, eum velit molestias libero provident obcaecati quasi illo corrupti optio voluptate, necessitatibus assumenda fugit quae quod distinctio harum culpa.', 'Saepe omnis sunt iste provident aliquid ducimus dignissimos inc', 'Quae nobis quam at quia hic iure deserunt saepe molestias, quos dolor veniam nu', 'Voluptatem veritatis illum ut repellat quia modi accusantium aliquam, non nam nesciunt dolorem ipsum nemo dolo', '12378.2727272727', 'Repudiand', 'thumbnails/postgraduate-degree-courses-search.jpg', 'Neque pariatur incidunt qui error. Eaque officiis eius', '1', 29, 1, '2019-05-02 22:40:35', '2019-05-02 22:40:35', 'Lorem ipsum dolor sit amet, consectetur adipisicing elit, sed do eiusmod tempor incididunt ut labore et dolore magna aliqua. Ut enim ad minim veniam, quis nostrud exercitation ullamco laboris nisi ut aliquip ex ea commodo consequat. Duis aute irure dolor in reprehenderit in voluptate velit esse cillum dolore eu fugiat nulla pariatur. Excepteur sint occaecat cupidatat non proident, sunt in culpa qui officia deserunt mollit anim id est laborum.

Blanditiis exercitationem laboriosam hic rem fugit pariatur neque itaque? Tempora vel quidem atque sapiente incidunt veritatis eos magnam, repellendus laborum voluptatem tenetur pariatur earum voluptate delectus eos laboriosam repellat aspernatur. Cumque aperiam eos veniam consectetur reprehenderit nulla ex perferendis doloremque, maiores fugit eos enim.

Quaerat laudantium animi voluptatum fugiat quod, veniam accusamus explicabo reiciendis totam, magnam dolorem ab, cumque fugiat exercitationem esse minima neque sequi, veniam aut nobis magni dolor blanditiis earum deleniti eius accusantium. Facere unde voluptatibus fugiat amet.'),
('Course Number 21', 'pariatur-ex-ipsa-consectetur-et-beatae-impedit-cumque-quo-voluptate-quod-reprehenderit-iure', 'Lorem ipsum dolor sit amet, consectetur adipisicing elit, sed do eiusmod tempor incididunt ut labore et dolore magna aliqua. Ut enim ad minim veniam, quis nostrud exercitation ullamco laboris nisi ut aliquip ex ea commodo consequat. Duis aute irure dolor in reprehenderit in voluptate velit esse cillum dolore eu fugiat nulla pariatur. Excepteur sint occaecat cupidatat non proident, sunt in culpa qui officia deserunt mollit anim id est laborum.

Ut vel fuga at sed ullam, consequatur maxime voluptas quia at mollitia distinctio reprehenderit aliquam dolorum sit quas? Rerum necessitatibus aspernatur deserunt voluptate consectetur blanditiis, sit impedit perferendis assumenda aspernatur, asperiores et accusantium vel dolorum dolorem totam ut adipisci, explicabo pariatur repudiandae dignissimos sequi saepe dolor optio obcaecati maxime porro voluptatum, aliquam totam consequuntur sapiente magnam ipsa consectetur similique aut? Minima aliquid doloribus deleniti illum sed ipsum temporibus quia, perspiciatis minima dignissimos neque, a veritatis magni? Quasi maxime ea, distinctio ea aut eos maiores dolores corrupti in autem voluptas.

Iste quas dicta in autem, atque saepe dolorem, ut expedita corporis iste fugiat quis, consequuntur qui tempora at voluptatum porro commodi explicabo, voluptas accusantium amet modi atque voluptates maiores quae ea explicabo aperiam? Eos fuga provident culpa dolore laudantium iusto atque corrupti nemo labore aspernatur, exercitationem dolore molestiae quas incidunt excepturi sint atque veniam maiores minima animi, ut blanditiis dolorem error maxime, illo nemo cumque est corporis id, eligendi maxime in sequi incidunt similique ad laudantium nam rerum necessitatibus sunt. Aliquam beatae in ipsa voluptates perferendis exercitationem ipsum fugit quasi, aut quam saepe incidunt, voluptatem molestias facilis, maxime eum eveniet illum sapiente similique corrupti ipsa, magnam quae natus ducimus minus suscipit maiores illum autem esse optio accusantium? Architecto officiis odit sit distinctio unde, quod maiores atque alias architecto in illo, optio consequuntur voluptatem dolorem harum iure repellat perspiciatis ea sed nobis velit?', 'Iure accusamus numquam illum? Consequatur aliquam dolore itaque', 'Sequi laboriosam minu', 'At eaque eius nesciunt ad temporibus molestiae odit magnam fugit minus, consequuntur similique veniam aliquid doloribus aperiam at fugit ex, reprehenderit animi quos praesentium quisquam incidunt, f', '89659.7272727273', 'Atqu', 'thumbnails/postgraduate-degree-courses-search.jpg', 'Illo officiis m', '1', 19, 1, '2019-05-02 22:40:35.232836', '2019-05-02 22:40:35.232836', 'Lorem ipsum dolor sit amet, consectetur adipisicing elit, sed do eiusmod tempor incididunt ut labore et dolore magna aliqua. Ut enim ad minim veniam, quis nostrud exercitation ullamco laboris nisi ut aliquip ex ea commodo consequat. Duis aute irure dolor in reprehenderit in voluptate velit esse cillum dolore eu fugiat nulla pariatur. Excepteur sint occaecat cupidatat non proident, sunt in culpa qui officia deserunt mollit anim id est laborum.

Ab corporis dicta mollitia saepe nesciunt optio, maiores nobis recusandae facere eligendi officiis quis, quod laudantium minus, itaque vel ratione quia nihil dignissimos et. Illo similique modi facere harum beatae molestiae neque et excepturi.

Hic minus beatae error esse velit quo explicabo commodi, accusantium consequuntur optio ipsam officia? Nam ducimus obcaecati similique ipsa itaque enim ullam quibusdam nisi non iusto, quasi magnam aperiam?'),
('Course Number 13', 'iusto-inventore-beatae-ad-consequatur-ea-molestiae-eaque-na', 'Lorem ipsum dolor sit amet, consectetur adipisicing elit, sed do eiusmod tempor incididunt ut labore et dolore magna aliqua. Ut enim ad minim veniam, quis nostrud exercitation ullamco laboris nisi ut aliquip ex ea commodo consequat. Duis aute irure dolor in reprehenderit in voluptate velit esse cillum dolore eu fugiat nulla pariatur. Excepteur sint occaecat cupidatat non proident, sunt in culpa qui officia deserunt mollit anim id est laborum.

Totam necessitatibus voluptates soluta temporibus maiores aliquid corrupti tenetur cumque, quaerat corrupti iusto laudantium, atque possimus perferendis consequatur dignissimos itaque, maiores accusamus perspiciatis ducimus? Explicabo distinctio fugit officia, vero a aperiam, dignissimos ullam inventore dolorum mollitia, iure aperiam pariatur rem maiores facere sit eaque.

Ipsam quidem ea alias, est provident enim harum, aliquid nostrum recusandae officia ad dignissimos placeat ea?', 'Debitis perspiciatis error cupiditate vero, earum voluptate nesciunt vitae nam cupiditate alias doloremque quo', 'Hic laboriosam facere adipisci odio itaque', 'Non pariatur eaque odio itaque adipisci enim perferendis error sequi, quaerat animi quos omnis. Totam pariatur provident mollitia earum accusamus expedita sapiente eveniet deb', '99363.7272727273', 'Necessitatibus as', 'thumbnails/postgraduate-degree-courses-search.jpg', 'Exercitationem sit reprehenderit perspiciatis ad eveniet dolores nostrum porro est po', '1', 24, 1, '2019-05-02 22:40:35.260808', '2019-05-02 22:40:35.260808', 'Lorem ipsum dolor sit amet, consectetur adipisicing elit, sed do eiusmod tempor incididunt ut labore et dolore magna aliqua. Ut enim ad minim veniam, quis nostrud exercitation ullamco laboris nisi ut aliquip ex ea commodo consequat. Duis aute irure dolor in reprehenderit in voluptate velit esse cillum dolore eu fugiat nulla pariatur. Excepteur sint occaecat cupidatat non proident, sunt in culpa qui officia deserunt mollit anim id est laborum.

Minus commodi fugiat blanditiis quo quas quam, illum repellat perferendis labore? Aliquam voluptatibus ducimus distinctio provident alias facilis rerum excepturi facere, veritatis corporis ratione maiores necessitatibus delectus possimus veniam inventore, perspiciatis ea eos similique. Quia ex aspernatur iste dolore optio ipsam esse voluptatem iure, reiciendis quas eius hic laudantium minus tempore quam quae sint sunt?

Autem quos sint tempora vero consequuntur magni asperiores at suscipit animi nulla, a maxime nulla accusamus ratione cupiditate, nobis doloribus quos velit commodi quam eaque officia et necessitatibus, harum rem fugiat non nobis atque alias maxime est, suscipit quidem iste quibusdam corporis dolor perspiciatis nisi harum deleniti modi optio? Dicta praesentium rerum commodi laudantium voluptatibus voluptas nemo voluptate maiores cum blanditiis, quisquam corrupti sequi consequuntur quis minus. Explicabo veniam impedit nobis nemo hic?'),
('Course Number 22', 'quaerat-minus-atque-nemo-dolore-nesciunt-quos-corrupti-asperiores-adipisci-voluptatem-aliquid-di', 'Lorem ipsum dolor sit amet, consectetur adipisicing elit, sed do eiusmod tempor incididunt ut labore et dolore magna aliqua. Ut enim ad minim veniam, quis nostrud exercitation ullamco laboris nisi ut aliquip ex ea commodo consequat. Duis aute irure dolor in reprehenderit in voluptate velit esse cillum dolore eu fugiat nulla pariatur. Excepteur sint occaecat cupidatat non proident, sunt in culpa qui officia deserunt mollit anim id est laborum.

Aspernatur explicabo dolores praesentium fuga repellat illum error eligendi repellendus similique modi, nesciunt aspernatur harum quisquam quis sequi autem odit quod iure fugiat, dolorum maxime amet aut ex, tempore ut expedita nihil eaque animi nobis accusantium, explicabo exercitationem doloremque voluptate doloribus.

Quisquam quod officia quam delectus, repudiandae magni sit nisi quo distinctio ratione dicta consequatur reprehenderit est sapiente? Molestias rem ipsa doloribus maiores ullam rerum illum laborum harum ipsam aliquam.', 'Dolores cupiditate eaque aliquid blanditiis nobis adipisci a placeat, sunt beatae accusamus eum tempore, aliquid dolor libero, tempore magnam officia o', 'Praesentium animi obcaecati laudantium consectetur commodi placeat minima libero, libero commodi accusamus a', 'Optio libero natus aliquid incidunt iste, in odio esse voluptas autem iusto veniam incidunt officiis voluptatem omnis', '87837.5454545455', 'Repellendus volup', 'thumbnails/postgraduate-degree-courses-search.jpg', 'Autem cum architecto numquam dolorum ipsam odit nesciunt dolore', '1', 28, 1, '2019-05-02 22:40:35.276809', '2019-05-02 22:40:35.276809', 'Lorem ipsum dolor sit amet, consectetur adipisicing elit, sed do eiusmod tempor incididunt ut labore et dolore magna aliqua. Ut enim ad minim veniam, quis nostrud exercitation ullamco laboris nisi ut aliquip ex ea commodo consequat. Duis aute irure dolor in reprehenderit in voluptate velit esse cillum dolore eu fugiat nulla pariatur. Excepteur sint occaecat cupidatat non proident, sunt in culpa qui officia deserunt mollit anim id est laborum.

Odio culpa rerum. Asperiores repudiandae deleniti, nihil quo iusto tenetur tempore eos iste ipsam assumenda blanditiis.

Vero voluptatem cumque nemo dolorem illo, quis voluptate blanditiis expedita ab soluta distinctio adipisci perspiciatis quibusdam ipsum, delectus explicabo dolore et, similique unde est accusamus ullam perferendis nulla, quis rerum repellat aperiam dolore nisi ipsum eligendi et. Sequi corporis tenetur nobis obcaecati error distinctio ullam nulla quisquam at, inventore eos adipisci aut, corrupti accusamus nisi corporis officiis eius dolorum provident atque ipsa perspiciatis magnam, id atque iusto molestiae odit excepturi accusantium corrupti cumque voluptates amet.'),
('Course Number 30', 'voluptatem-ratione-quo-possimus-maxime-odio-molestiae-asperiores-eius-eum-nulla-voluptas-explicabo-velit-dolorum-non-quibusdam-vitae-maxime-nesc', 'Lorem ipsum dolor sit amet, consectetur adipisicing elit, sed do eiusmod tempor incididunt ut labore et dolore magna aliqua. Ut enim ad minim veniam, quis nostrud exercitation ullamco laboris nisi ut aliquip ex ea commodo consequat. Duis aute irure dolor in reprehenderit in voluptate velit esse cillum dolore eu fugiat nulla pariatur. Excepteur sint occaecat cupidatat non proident, sunt in culpa qui officia deserunt mollit anim id est laborum.

Repellat voluptatem minus animi esse porro rerum adipisci architecto alias distinctio, repellat autem doloremque quibusdam delectus minima consequatur rem repudiandae labore? Vel temporibus harum. Vero harum nam asperiores magnam alias, ratione ullam modi alias suscipit perferendis et reprehenderit veniam incidunt, nihil quis et natus excepturi rem quo ut harum, neque deleniti maxime error aliquam adipisci eos, doloribus quos dicta eum id repellendus sequi magni facilis?

Explicabo fugiat reprehenderit quibusdam voluptate?', 'Quisquam corporis dolor. Ut accusantium repellat harum voluptatibus saepe molestias iste similique quam, minus libero velit', 'Debitis commodi neque consectetur el', 'Voluptatibus cum voluptate quibusdam distinctio', '67008.9090909091', 'Dolore eaque volup', 'thumbnails/postgraduate-degree-courses-search.jpg', 'Impedit consequatur cumque porro eaque dolor repellendus', '1', 25, 2, '2019-05-02 22:40:35', '2019-05-02 22:40:35', 'Lorem ipsum dolor sit amet, consectetur adipisicing elit, sed do eiusmod tempor incididunt ut labore et dolore magna aliqua. Ut enim ad minim veniam, quis nostrud exercitation ullamco laboris nisi ut aliquip ex ea commodo consequat. Duis aute irure dolor in reprehenderit in voluptate velit esse cillum dolore eu fugiat nulla pariatur. Excepteur sint occaecat cupidatat non proident, sunt in culpa qui officia deserunt mollit anim id est laborum.

Repellat voluptatem minus animi esse porro rerum adipisci architecto alias distinctio, repellat autem doloremque quibusdam delectus minima consequatur rem repudiandae labore? Vel temporibus harum. Vero harum nam asperiores magnam alias, ratione ullam modi alias suscipit perferendis et reprehenderit veniam incidunt, nihil quis et natus excepturi rem quo ut harum, neque deleniti maxime error aliquam adipisci eos, doloribus quos dicta eum id repellendus sequi magni facilis?

Explicabo fugiat reprehenderit quibusdam voluptate?'),
('Course Number 8', 'doloribus-quasi-cumque-eius-beatae-deserunt-officia-id-alias-iusto-hic-recusandae-saepe-fugit-architecto-ducimus-in-nesciunt-eligendi-fugiat-atque-nihil-reprehenderit-mollitia-quis-nulla-a', 'Lorem ipsum dolor sit amet, consectetur adipisicing elit, sed do eiusmod tempor incididunt ut labore et dolore magna aliqua. Ut enim ad minim veniam, quis nostrud exercitation ullamco laboris nisi ut aliquip ex ea commodo consequat. Duis aute irure dolor in reprehenderit in voluptate velit esse cillum dolore eu fugiat nulla pariatur. Excepteur sint occaecat cupidatat non proident, sunt in culpa qui officia deserunt mollit anim id est laborum.

Aut id hic ad doloremque numquam quos facilis, atque tempore illum beatae illo quia possimus ab, modi soluta saepe corrupti neque tempore minima sunt ratione, dolorum exercitationem neque porro voluptatum repudiandae magnam repellendus ullam temporibus at. Aut obcaecati vitae maxime cumque, accusamus esse dolorum sint, unde quos incidunt dolores cupiditate sapiente, rem consequatur reiciendis velit repudiandae inventore dolore magni impedit qui, inventore voluptas ex rem dolorem eligendi ad? Vel consectetur dolorem quaerat voluptatem autem at maxime, doloremque illum officia aspernatur necessitatibus sequi molestiae excepturi ipsam, alias temporibus obcaecati voluptates blanditiis error cumque eligendi, exercitationem harum blanditiis architecto temporibus sapiente ducimus dignissimos nemo tempora? Numquam asperiores commodi voluptate dolorem at itaque nihil, cupiditate earum vitae excepturi quisquam dolor dolorum modi consequuntur laboriosam magni debitis, harum doloremque commodi.

Laborum autem aliquid pariatur omnis sequi dolor cupiditate neque tenetur facere. Quaerat dolorem facere quam animi dolores distinctio qui esse nesciunt, rerum repellat beatae eveniet fugiat odit ratione in iste autem ipsam magnam, vel quidem ex. Voluptates repellendus repudiandae ab inventore dignissimos, consequuntur distinctio id voluptate ullam at voluptatum dolores provident, nisi temporibus sint aspernatur alias quam reprehenderit provident quibusdam architecto quia, praesentium eveniet exercitationem reprehenderit?', 'Nobis rerum beatae. Similique nisi doloribus quisquam placeat quibusd', 'Unde voluptate accusamus a sed do', 'Corrupti in id eveniet provident iste ipsum, fugiat quibusdam architecto eaque nostrum, quo exercitationem ut qui sunt accusantium aliquid necessitatibus laudantium, dignissim', '966.454545454545', 'Qui', 'thumbnails/postgraduate-degree-courses-search.jpg', 'Repudiandae minus eaque odit, autem omnis officia iste quaerat possimus de', '1', 24, 1, '2019-05-02 22:40:35.304812', '2019-05-02 22:40:35.304812', 'Lorem ipsum dolor sit amet, consectetur adipisicing elit, sed do eiusmod tempor incididunt ut labore et dolore magna aliqua. Ut enim ad minim veniam, quis nostrud exercitation ullamco laboris nisi ut aliquip ex ea commodo consequat. Duis aute irure dolor in reprehenderit in voluptate velit esse cillum dolore eu fugiat nulla pariatur. Excepteur sint occaecat cupidatat non proident, sunt in culpa qui officia deserunt mollit anim id est laborum.

Velit soluta officiis quibusdam veritatis qui voluptates veniam numquam dolor? Earum similique nisi hic porro optio repudiandae aut quisquam saepe itaque, assumenda id voluptatum soluta deleniti amet nisi ipsum, vitae velit vero quidem nesciunt non quia sapiente laboriosam cum, neque consequatur beatae itaque qui suscipit quisquam quasi repudiandae, sunt laborum numquam ratione iusto illum veniam perspiciatis nisi vero?

Cum laudantium exercitationem nihil, eos deleniti esse.'),
('Course Number 20', 'pariatur-ex-in-sequi-explicabo-ratione-consequatur-culpa-enim-vel-laudant', 'Lorem ipsum dolor sit amet, consectetur adipisicing elit, sed do eiusmod tempor incididunt ut labore et dolore magna aliqua. Ut enim ad minim veniam, quis nostrud exercitation ullamco laboris nisi ut aliquip ex ea commodo consequat. Duis aute irure dolor in reprehenderit in voluptate velit esse cillum dolore eu fugiat nulla pariatur. Excepteur sint occaecat cupidatat non proident, sunt in culpa qui officia deserunt mollit anim id est laborum.

Unde quasi vero quisquam, quisquam delectus doloremque provident repellendus sapiente enim maiores ipsum, illo culpa reprehenderit consectetur quaerat commodi voluptas adipisci earum ipsam, omnis iure ut labore vel. In aliquam eos numquam provident, aut nostrum deserunt ab, quisquam dolores accusamus placeat delectus beatae aliquid aperiam distinctio sint, tenetur quidem commodi nisi suscipit libero blanditiis assumenda eligendi nobis, laborum placeat molestias consequuntur nostrum recusandae suscipit nesciunt alias odit? Vitae similique eaque fugit beatae nesciunt, animi iure quasi vel, laudantium culpa explicabo dolorem dicta aliquid ad et, ipsum laborum repellat qui mollitia, non ipsum deleniti voluptates obcaecati repellendus ducimus accusamus molestiae?

Exercitationem illum inventore corporis laudantium praesentium mollitia dolorem consectetur dicta? Nihil impedit dignissimos assumenda nobis necessitatibus autem dolorem voluptatem itaque repellendus, distinctio eveniet obcaecati consequatur autem ad expedita, quis totam delectus inventore eos at ipsam maxime fugiat, beatae ducimus doloremque voluptates qui deleniti assumenda alias adipisci praesentium. Voluptates asperiores eaque doloribus natus magnam voluptate tenetur modi, inventore libero excepturi quis quod nam eius quae, perferendis quas iusto, odit dolorem tempora similique expedita laboriosam minus necessitatibus earum ad possimus.', 'Nobis repellendus libero vero, velit autem recusandae obcaecati ullam ips', 'Neque voluptatem harum ad, quidem veniam odit officia inventore quo eveniet impedit, sequi aspernatur possimus rerum dolores aut quid', 'Impedit provident a veniam distinctio alias deserunt labore iusto, velit quos molestias reiciendis quas a itaque molestiae explicabo libero. Vero dolore quam nulla. Excepturi pe', '28559.1818181818', 'Enim com', 'thumbnails/postgraduate-degree-courses-search.jpg', 'Sunt error recusandae aliquid porro a ab, in offic', '1', 33, 1, '2019-05-02 22:40:35.316828', '2019-05-02 22:40:35.316828', 'Lorem ipsum dolor sit amet, consectetur adipisicing elit, sed do eiusmod tempor incididunt ut labore et dolore magna aliqua. Ut enim ad minim veniam, quis nostrud exercitation ullamco laboris nisi ut aliquip ex ea commodo consequat. Duis aute irure dolor in reprehenderit in voluptate velit esse cillum dolore eu fugiat nulla pariatur. Excepteur sint occaecat cupidatat non proident, sunt in culpa qui officia deserunt mollit anim id est laborum.

Officiis repudiandae reprehenderit perspiciatis sequi quos id sint consectetur ipsam sit, aperiam culpa incidunt unde delectus laboriosam laudantium, eos aperiam assumenda recusandae autem, totam nobis labore corrupti eius dicta repudiandae quas animi odio doloribus obcaecati. Error quasi sed quaerat reiciendis ipsum veritatis. Non exercitationem fuga a odio doloribus ducimus magnam accusantium, suscipit dolor sapiente tenetur, perspiciatis praesentium natus laboriosam quas fugiat corporis.

Ad rerum voluptate iusto quo blanditiis ratione non recusandae obcaecati, corporis iure itaque aliquam nulla nesciunt.'),
('Course Number 15', 'libero-aperiam-voluptatibus-quod-fuga', 'Lorem ipsum dolor sit amet, consectetur adipisicing elit, sed do eiusmod tempor incididunt ut labore et dolore magna aliqua. Ut enim ad minim veniam, quis nostrud exercitation ullamco laboris nisi ut aliquip ex ea commodo consequat. Duis aute irure dolor in reprehenderit in voluptate velit esse cillum dolore eu fugiat nulla pariatur. Excepteur sint occaecat cupidatat non proident, sunt in culpa qui officia deserunt mollit anim id est laborum.

Facilis natus qui, eius enim cumque similique blanditiis, eum qui a nemo unde reiciendis itaque amet doloribus autem at. A aperiam facere, repellendus minus incidunt veritatis cupiditate consectetur sit architecto animi, sequi dolorem nihil nam voluptas blanditiis expedita nisi omnis, asperiores ea ad nemo placeat totam assumenda dolorum maxime dignissimos temporibus in? Ratione aliquid vitae laboriosam error veniam expedita, reiciendis autem hic? Asperiores nisi illum tempora voluptatibus sunt, a porro quae fugit libero est ad expedita perspiciatis atque, qui doloribus rem magnam ipsum veniam libero modi, quisquam quia quasi iusto at itaque architecto sunt possimus.

Quis reprehenderit repellat magnam perferendis, repellat similique animi, fugit porro repellat blanditiis obcaecati corporis amet, reiciendis eaque consequuntur laborum? Sit dicta illo molestiae facere voluptates.', 'Accusantium nobis nesciunt dolores dolorem enim. Magnam eligendi quo quisquam rem? Excepturi consequuntur nobis placeat facilis dolor natus sunt ipsam eaque, exercitationem', 'Maxime sunt porro? Doloribus ipsam vero molestiae? Est praesentium ab sequi consectetur vitae nesciunt debitis numquam, similique ad dolores?', 'Ab facere pariatur perferendis architecto beatae culpa optio maxi', '24471.9090909091', 'Obcaecati fuga', 'thumbnails/postgraduate-degree-courses-search.jpg', 'Quae consequuntur voluptates quaerat, nesciunt itaque voluptatem perferendis eaque fuga quo ratione', '1', 25, 1, '2019-05-02 22:40:35.332812', '2019-05-02 22:40:35.332812', 'Lorem ipsum dolor sit amet, consectetur adipisicing elit, sed do eiusmod tempor incididunt ut labore et dolore magna aliqua. Ut enim ad minim veniam, quis nostrud exercitation ullamco laboris nisi ut aliquip ex ea commodo consequat. Duis aute irure dolor in reprehenderit in voluptate velit esse cillum dolore eu fugiat nulla pariatur. Excepteur sint occaecat cupidatat non proident, sunt in culpa qui officia deserunt mollit anim id est laborum.

Beatae provident quo fuga consectetur adipisci amet minus, quis ex enim in alias ducimus aliquid quia assumenda repellat, esse sed nihil excepturi quos deserunt? Similique ratione quas cum voluptatibus itaque commodi quis, deserunt error harum reprehenderit distinctio, praesentium fugiat totam magni mollitia aperiam, nostrum eius quisquam voluptates, dolorem vel eaque necessitatibus natus iste dolore obcaecati quia neque. Consequuntur ab reiciendis facere labore officia est repellat autem, ducimus eius illo quibusdam repellendus eaque minima amet iure hic.

Adipisci assumenda corrupti deserunt numquam maxime vitae nemo placeat, debitis quibusdam doloribus nisi sed repellendus similique quam cupiditate aliquam? Atque ab fugiat mollitia dicta amet optio? Asperiores adipisci deserunt omnis dolore earum, accusamus sunt saepe itaque necessitatibus, sequi cupiditate saepe placeat.'),
('Course Number 26', 'quos-ab-tempore-molestias-modi-perspiciatis-commodi-mollitia-repellat-excepturi-commodi-maiores-ex-iste-magni-iure-debitis-exce', 'Lorem ipsum dolor sit amet, consectetur adipisicing elit, sed do eiusmod tempor incididunt ut labore et dolore magna aliqua. Ut enim ad minim veniam, quis nostrud exercitation ullamco laboris nisi ut aliquip ex ea commodo consequat. Duis aute irure dolor in reprehenderit in voluptate velit esse cillum dolore eu fugiat nulla pariatur. Excepteur sint occaecat cupidatat non proident, sunt in culpa qui officia deserunt mollit anim id est laborum.

Sunt quam sequi voluptatibus minima maiores impedit velit, beatae animi incidunt earum magni obcaecati tenetur voluptatem cumque aliquid adipisci, illo dolore ipsum earum laborum placeat in dolor explicabo saepe. Mollitia eius voluptatibus architecto consectetur facilis, quos laboriosam omnis?

Esse dignissimos nam quod possimus tempore deserunt recusandae, voluptatibus molestiae doloremque doloribus tempora recusandae laborum ipsam corporis impedit pariatur quas, sit impedit minus harum laudantium obcaecati fugit in illo voluptatum, reprehenderit aut minima consequatur placeat fugit quidem eum hic in inventore veniam, veritatis magni libero officia alias modi? Placeat nostrum fugiat voluptatum quisquam laudantium est officia quas, ea quos fugiat pariatur officia a, sit expedita voluptatum, iure recusandae totam. Consequatur omnis atque asperiores, consectetur doloremque iste dolor inventore amet nemo.', 'Corrupti facilis veniam saepe distinctio nihil fugiat voluptatibus hic sunt laboriosa', 'Optio eligendi ratione fugit vero porro impedit voluptatem omnis eos enim, illum natus pariatur maiores earum dignissimos voluptas consequuntur, dolore necessitatibus alias, iste nobis eum a', 'Quos sed eos voluptate ullam obcaecati id officia blanditiis, cumque praesentium dolorum quibusdam repellendus consectetur voluptatum voluptatem eligendi. Debitis voluptate praesentium, n', '71282.9090909091', 'Hic quam do', 'thumbnails/postgraduate-degree-courses-search.jpg', 'Rerum atque nesciunt praesentiu', '1', 33, 1, '2019-05-02 22:40:35.352814', '2019-05-02 22:40:35.352814', 'Lorem ipsum dolor sit amet, consectetur adipisicing elit, sed do eiusmod tempor incididunt ut labore et dolore magna aliqua. Ut enim ad minim veniam, quis nostrud exercitation ullamco laboris nisi ut aliquip ex ea commodo consequat. Duis aute irure dolor in reprehenderit in voluptate velit esse cillum dolore eu fugiat nulla pariatur. Excepteur sint occaecat cupidatat non proident, sunt in culpa qui officia deserunt mollit anim id est laborum.

Consectetur possimus ab sed dolor error similique adipisci nam nemo ad. Itaque minus culpa tempora eaque explicabo veritatis vel consequuntur exercitationem, ullam totam aspernatur cumque atque, rem voluptatum reprehenderit eos repudiandae dolor unde nihil libero nisi laboriosam consectetur, cupiditate tempore sit repudiandae, sequi enim sapiente aspernatur iusto perferendis neque odit natus quam. Atque a ratione minus ex corrupti quas est eveniet fuga sit tenetur, ducimus totam distinctio impedit. Expedita et maiores maxime culpa suscipit quasi itaque non veniam dignissimos, nisi aut nesciunt repellat error ullam facilis explicabo?

Facere aspernatur ipsa sit quae nesciunt quod deleniti atque itaque amet.');

INSERT INTO "courses_lesson" ("id", "duration", "video_url", "created_at", "updated_at", "course_id", "title") VALUES
(304, '21262.7272727273', 'Corrupti voluptatem velit quam', '2019-05-02 22:42:38.498944', '2019-05-02 22:42:38.498944', 'ipsum-aut-illum-voluptate-consequuntur-rerum-ex-voluptatum-doloremque-animi-corporis-omnis-earum', 'Cupiditate tempora doloremque aspernatur sint suscipit officia, aperiam assumenda quae c'),
(305, '41811.8181818182', 'Quae veritatis error optio porro quidem id officia quisquam, iste delectus ipsa sapiente est, as', '2019-05-02 22:42:38.514573', '2019-05-02 22:42:38.514573', 'dolore-facilis-minima-saepe-architecto-optio-doloribus-quibusdam-repudiandae-adipisci-eaque-itaque-temporibus-molestiae-eos-beatae-aut-ratione-modi-libero-iste-beatae-laborum-ab-quae-perspicia', 'Sint illum accusantium maxime, similique qu'),
(306, '78934.6363636364', 'Perspiciatis itaque necessitatibus quas at fugiat sed architecto, aute', '2019-05-02 22:42:38.530198', '2019-05-02 22:42:38.530198', 'natus-excepturi-harum-consectetur-quaerat-omnis-optio-reiciendis-temporibus-dignissi', 'Repellat dolores quidem magnam quae qui veniam voluptatibus eveniet t'),
(307, '62360.6363636364', 'Perspiciatis in totam neque expedita vero, tempore illo minima, a excepturi quae libero', '2019-05-02 22:42:38.530198', '2019-05-02 22:42:38.530198', 'ratione-inventore-architecto-neque-autem-consequatur-qui-totam-sapiente-laborum-aspernatur-obcaecati-re', 'Delectus voluptas eum quas, aperiam expedita ratione blanditiis quis esse'),
(308, '23852.5454545455', 'Ex amet quaerat nihil fugiat culpa lab', '2019-05-02 22:42:38.530198', '2019-05-02 22:42:38.530198', 'quos-ab-tempore-molestias-modi-perspiciatis-commodi-mollitia-repellat-excepturi-commodi-maiores-ex-iste-magni-iure-debitis-exce', 'Laborum amet rem est, eligendi culpa illo aperiam vo'),
(309, '73706.6363636364', 'Doloribus corporis perspiciatis numquam ea dolorum consequuntur, incidu', '2019-05-02 22:42:38.530198', '2019-05-02 22:42:38.530198', 'pariatur-ex-in-sequi-explicabo-ratione-consequatur-culpa-enim-vel-laudant', 'Molestias perspiciatis er'),
(310, '18424.0', 'Architecto praesentium earum sequi in cupiditate c', '2019-05-02 22:42:38.530198', '2019-05-02 22:42:38.530198', 'accusamus-facilis-magnam-officiis-error-enim-impe', 'Doloribus cumque officiis fugit laudantium ab pariatur eum, dolor cum reiciendis minima ipsa et d'),
(311, '2916.72727272727', 'Sed cupiditate maxime expedita a culpa aliquid est nesciunt repellendus quasi, fugit cupi', '2019-05-02 22:42:38.545822', '2019-05-02 22:42:38.545822', 'quisquam-nostrum-incidunt-aperiam-tempore-dolorem-nulla-tempora-molestias-ipsam-labore-nisi-porro-soluta-ex-facere-rerum-commodi-maiores-enim-id-ob', 'Voluptates debitis'),
(312, '28446.1818181818', 'Error molestias iure reiciendis consectetur libero adipi', '2019-05-02 22:42:38.545822', '2019-05-02 22:42:38.545822', 'libero-aperiam-voluptatibus-quod-fuga', 'Nisi corrupti'),
(313, '22373.5454545455', 'Enim cumque', '2019-05-02 22:42:38.545822', '2019-05-02 22:42:38.545822', 'voluptatem-ratione-quo-possimus-maxime-odio-molestiae-asperiores-eius-eum-nulla-voluptas-explicabo-velit-dolorum-non-quibusdam-vitae-maxime-nesc', 'Hic laborum alias earum'),
(314, '80496.5454545455', 'Molestiae maiores consequuntur ratione, ni', '2019-05-02 22:42:38.545822', '2019-05-02 22:42:38.545822', 'accusamus-officia-consequuntur-eveniet-fugit-maiores-iusto-eius-exercitationem-dolorum-omnis-sit-reprehenderit-eos-hic-quo-quaerat-saepe-nemo-consequuntur-numquam', 'Expedita earum sed voluptatibus vitae? In distinctio voluptatum voluptatibus deserunt'),
(315, '38721.4545454545', 'Cum eligendi ratione esse, in praesentium accusamus nostrum corporis', '2019-05-02 22:42:38.545822', '2019-05-02 22:42:38.545822', 'officiis-nisi-quae-tempora-perferendis-obcaecati-rerum-ut-reprehenderit-repellat-saepe-sapiente-doloremque-quam-inventore-facere-es', 'Omnis quo'),
(316, '43320.4545454545', 'Inventore sequi ullam tempora est nihil natus consequatur volu', '2019-05-02 22:42:38.545822', '2019-05-02 22:42:38.545822', 'eos-sunt-quod-excepturi-ducimus', 'Error doloremque accusantium null'),
(317, '80919.1818181818', 'Illo sapiente perfere', '2019-05-02 22:42:38.561464', '2019-05-02 22:42:38.561464', 'eum-minus-dicta-quam-dolores-vero-nesciunt-distinc', 'Id quisquam porro eum mollitia asperiores dolorem quam maiores fugiat, sequi ex nostru'),
(318, '76181.0909090909', 'Dicta minima enim adipisci', '2019-05-02 22:42:38.561464', '2019-05-02 22:42:38.561464', 'quisquam-nostrum-incidunt-aperiam-tempore-dolorem-nulla-tempora-molestias-ipsam-labore-nisi-porro-soluta-ex-facere-rerum-commodi-maiores-enim-id-ob', 'Ut eveniet maxime sed iusto, nobis labore enim in nemo a'),
(319, '1301.63636363636', 'A optio porro fugiat perspiciatis commodi harum ad voluptatibus quia dignissimos, incidunt quis', '2019-05-02 22:42:38.561464', '2019-05-02 22:42:38.561464', 'quam-exercitationem-odio-facilis-velit-saepe-pari', 'Praesentium est assumenda ut volupt'),
(320, '45591.6363636364', 'Dolorum voluptas assumenda necessitatibus praesenti', '2019-05-02 22:42:38.561464', '2019-05-02 22:42:38.561464', 'quam-id-natus-itaque-necessitatibus-magnam-consectetur-ab-saepe-dolore-possimus-placeat-minus-incidunt-architecto-cum-voluptatem-voluptatibus-se', 'Quis animi quidem corporis earum laborum? Natus eos laborum esse minima assumenda optio c'),
(321, '41588.1818181818', 'Debitis blanditiis architecto, quasi officiis et sint saepe quisquam tem', '2019-05-02 22:42:38.561464', '2019-05-02 22:42:38.561464', 'dolore-facilis-minima-saepe-architecto-optio-doloribus-quibusdam-repudiandae-adipisci-eaque-itaque-temporibus-molestiae-eos-beatae-aut-ratione-modi-libero-iste-beatae-laborum-ab-quae-perspicia', 'Debitis elige'),
(322, '93461.0909090909', 'Adipisci quo maiores porro o', '2019-05-02 22:42:38.577089', '2019-05-02 22:42:38.577089', 'ratione-inventore-architecto-neque-autem-consequatur-qui-totam-sapiente-laborum-aspernatur-obcaecati-re', 'Nisi totam placeat obcaecati debitis, fugit eligendi perferendis nostrum velit quos at ve'),
(323, '62300.9090909091', 'Voluptate accusamus pariatur maxime dicta ab, asperiores veniam magni nesciunt consectetur', '2019-05-02 22:42:38.577089', '2019-05-02 22:42:38.577089', 'pariatur-ex-in-sequi-explicabo-ratione-consequatur-culpa-enim-vel-laudant', 'Laudantium accusantium tempore blanditiis animi ex'),
(324, '47569.4545454545', 'Tempora itaque dolorem dignissimos, corrupti provident ipsam, nobis voluptatum repudiandae vel v', '2019-05-02 22:42:38.577089', '2019-05-02 22:42:38.577089', 'quisquam-nostrum-incidunt-aperiam-tempore-dolorem-nulla-tempora-molestias-ipsam-labore-nisi-porro-soluta-ex-facere-rerum-commodi-maiores-enim-id-ob', 'Deserunt sapiente a'),
(325, '45248.4545454545', 'Eligendi fugiat', '2019-05-02 22:42:38.577089', '2019-05-02 22:42:38.577089', 'debitis-nihil-odio-explicabo-obcaecati-repellat-maxime-tenetur-commodi-quod-sed-magni-dolores-officia-ex-impedit-quod-qu', 'Iusto debitis culpa cumque nostrum eius unde'),
(326, '26856.3636363636', 'Corrupti dolore ipsa quisquam doloribus', '2019-05-02 22:42:38.577089', '2019-05-02 22:42:38.577089', 'fuga-facere-enim-perferendis-est-possimus-cum-eveniet-expedita-ullam-provident-tenetur-sunt-autem-dolorum-aliquid-voluptates-debitis-tempore-delectus-eveniet-officia-modi-sed-ullam-earum-no', 'Beatae eligendi earum aspernatur vero'),
(327, '46131.1818181818', 'Eos excepturi tenet', '2019-05-02 22:42:38.592697', '2019-05-02 22:42:38.592697', 'dicta-sed-asperiores-iste-officiis-aut-et-quod-aliquam-natus-vel-magni-exercitationem-error-accusantium-id-non-illo-necessitatibus-sequi-quasi-facere-officiis-aut-quo-quidem-doloribu', 'In accusamus rerum recusandae odio sapiente voluptatum soluta, placeat cumque non quae'),
(328, '89732.2727272727', 'Mollitia ipsa tenetu', '2019-05-02 22:42:38.592697', '2019-05-02 22:42:38.592697', 'voluptatem-ratione-quo-possimus-maxime-odio-molestiae-asperiores-eius-eum-nulla-voluptas-explicabo-velit-dolorum-non-quibusdam-vitae-maxime-nesc', 'Ex delectus veniam, ducimus sunt aspernatur distinc'),
(329, '37924.3636363636', 'Nobis at dolo', '2019-05-02 22:42:38.592697', '2019-05-02 22:42:38.592697', 'quisquam-nostrum-incidunt-aperiam-tempore-dolorem-nulla-tempora-molestias-ipsam-labore-nisi-porro-soluta-ex-facere-rerum-commodi-maiores-enim-id-ob', 'Error alias eveniet quia dignissimos voluptat'),
(330, '2829.27272727273', 'Enim accusantium fugit, ullam sapiente sit tenetur pariatur ratione id aperiam voluptates su', '2019-05-02 22:42:38.592697', '2019-05-02 22:42:38.592697', 'quaerat-minus-atque-nemo-dolore-nesciunt-quos-corrupti-asperiores-adipisci-voluptatem-aliquid-di', 'Rem quis doloribus numquam. D'),
(331, '9640.90909090909', 'Cum officia ipsam eum perspiciatis asperiores minus, repellendus aliquid iure quibusd', '2019-05-02 22:42:38.592697', '2019-05-02 22:42:38.592697', 'ad-sapiente-nesciunt-quas-tempor', 'Facilis tempora rem rerum nulla sint eius illo ratione'),
(332, '5867.81818181818', 'Ducimus nemo excepturi alias blanditiis nesciunt earum, odit eos qu', '2019-05-02 22:42:38.608323', '2019-05-02 22:42:38.608323', 'iusto-inventore-beatae-ad-consequatur-ea-molestiae-eaque-na', 'Sint atque repellat qui laudantium molestias quasi dolorem. Dolorem natus quia accusamus solut'),
(333, '5976.18181818182', 'Ab aspernatur nulla ratione laboriosam a dolorum quia, maiores veritatis nobis enim natu', '2019-05-02 22:42:38.608323', '2019-05-02 22:42:38.608323', 'voluptatem-pariatur-quasi-sit-alias-illo-laborum-voluptatibus-facilis-dignissimos-voluptate-sequi-nihil-illo-culpa-nam-atque-omnis-eveniet-volupta', 'Labore vel accusamus repellat libero aspernatur repellendus, perspiciatis volupt'),
(334, '78541.2727272727', 'Possimus molestiae impedit vel, labore i', '2019-05-02 22:42:38.608323', '2019-05-02 22:42:38.608323', 'officiis-nisi-quae-tempora-perferendis-obcaecati-rerum-ut-reprehenderit-repellat-saepe-sapiente-doloremque-quam-inventore-facere-es', 'Magnam quidem reprehend'),
(335, '97188.1818181818', 'Temporibus voluptatem consequatur officia dignissimos minus harum aliquid, aperiam iste', '2019-05-02 22:42:38.608323', '2019-05-02 22:42:38.608323', 'voluptatem-pariatur-quasi-sit-alias-illo-laborum-voluptatibus-facilis-dignissimos-voluptate-sequi-nihil-illo-culpa-nam-atque-omnis-eveniet-volupta', 'Odio placeat veritatis eos ab dolorum iure officia aliquam perspiciatis'),
(336, '34849.3636363636', 'Error nesciunt dolor', '2019-05-02 22:42:38.608323', '2019-05-02 22:42:38.608323', 'quam-id-natus-itaque-necessitatibus-magnam-consectetur-ab-saepe-dolore-possimus-placeat-minus-incidunt-architecto-cum-voluptatem-voluptatibus-se', 'Saepe obcaecati laboriosam vero nobis, excepturi tenetur quidem dolorem iure elig'),
(337, '33320.3636363636', 'Quae at molestias similique placeat au', '2019-05-02 22:42:38.608323', '2019-05-02 22:42:38.608323', 'dolore-facilis-minima-saepe-architecto-optio-doloribus-quibusdam-repudiandae-adipisci-eaque-itaque-temporibus-molestiae-eos-beatae-aut-ratione-modi-libero-iste-beatae-laborum-ab-quae-perspicia', 'Hic dolorem voluptatem tenetur suscipit sequi ab quidem, perferendis vero ipsa iste ull'),
(338, '64436.6363636364', 'Minima reiciendis iste qui asperiores veniam nobis consequuntur tenetur', '2019-05-02 22:42:38.623947', '2019-05-02 22:42:38.623947', 'eum-minus-dicta-quam-dolores-vero-nesciunt-distinc', 'Ipsum officiis hic esse corrupti facilis laborum aut vero consectetur, h'),
(339, '88981.8181818182', 'Magnam cumque accusamus fugiat recusandae eligendi rem f', '2019-05-02 22:42:38.623947', '2019-05-02 22:42:38.623947', 'minus-sint-obcaecati-in-nostrum-accusantium-architecto-nulla-mollitia-illum-sapiente-qui', 'Necessitatibus doloribu'),
(340, '23849.9090909091', 'Nam fugit ex debitis dicta doloremque esse laborum veritatis iure l', '2019-05-02 22:42:38.623947', '2019-05-02 22:42:38.623947', 'ad-sapiente-nesciunt-quas-tempor', 'Vel sunt perferendis ipsam, suscipit'),
(341, '38413.1818181818', 'Quaerat nisi nihil reprehenderit eos a', '2019-05-02 22:42:38.623947', '2019-05-02 22:42:38.623947', 'natus-excepturi-harum-consectetur-quaerat-omnis-optio-reiciendis-temporibus-dignissi', 'Placeat nemo alias a, aliquid illum officiis libero explic'),
(342, '77643.3636363636', 'Nesciunt modi en', '2019-05-02 22:42:38.623947', '2019-05-02 22:42:38.623947', 'laudantium-porro-accusamus', 'Illo consequuntur quas, consequ'),
(343, '99361.9090909091', 'Nemo assumenda voluptatem reprehenderit omnis magni possi', '2019-05-02 22:42:38.639573', '2019-05-02 22:42:38.639573', 'pariatur-ex-ipsa-consectetur-et-beatae-impedit-cumque-quo-voluptate-quod-reprehenderit-iure', 'Dignissimos error laborum aliquam neque reiciend'),
(344, '20537.9090909091', 'Et eaque aliquid t', '2019-05-02 22:42:38.639573', '2019-05-02 22:42:38.639573', 'ratione-inventore-architecto-neque-autem-consequatur-qui-totam-sapiente-laborum-aspernatur-obcaecati-re', 'Voluptatem mollitia doloremque, reprehenderit incidunt deleni'),
(345, '62810.5454545455', 'Et consequuntur tempore molestias enim expedita optio, facere mollitia adipisci ea, aper', '2019-05-02 22:42:38.639573', '2019-05-02 22:42:38.639573', 'quam-id-natus-itaque-necessitatibus-magnam-consectetur-ab-saepe-dolore-possimus-placeat-minus-incidunt-architecto-cum-voluptatem-voluptatibus-se', 'Repellendus placeat autem itaque aliquid, numquam ad veniam assumenda quibusdam, del'),
(346, '57367.1818181818', 'Quas eos repellat adipisci similique tempora dolore odio atque esse? Reprehenderit t', '2019-05-02 22:42:38.639573', '2019-05-02 22:42:38.639573', 'voluptatem-pariatur-quasi-sit-alias-illo-laborum-voluptatibus-facilis-dignissimos-voluptate-sequi-nihil-illo-culpa-nam-atque-omnis-eveniet-volupta', 'Pariatur amet ad, explicabo animi aperiam temporibus mollitia illum. Q'),
(347, '53729.3636363636', 'Distinctio est ullam molestias autem praesentium suscipit alias perferendis a', '2019-05-02 22:42:38.639573', '2019-05-02 22:42:38.639573', 'quos-ab-tempore-molestias-modi-perspiciatis-commodi-mollitia-repellat-excepturi-commodi-maiores-ex-iste-magni-iure-debitis-exce', 'Et ratione maxime error dolore tempore repudiandae aperiam, reiciend'),
(348, '65308.9090909091', 'Distinctio tenetur eos veniam deleniti iure, ut cum veniam. Laboriosam di', '2019-05-02 22:42:38.655216', '2019-05-02 22:42:38.655216', 'pariatur-ex-in-sequi-explicabo-ratione-consequatur-culpa-enim-vel-laudant', 'Ipsa liber'),
(349, '17868.5454545455', 'Necessitatibus fuga vitae vel nemo voluptate neque cu', '2019-05-02 22:42:38.655216', '2019-05-02 22:42:38.655216', 'accusamus-officia-consequuntur-eveniet-fugit-maiores-iusto-eius-exercitationem-dolorum-omnis-sit-reprehenderit-eos-hic-quo-quaerat-saepe-nemo-consequuntur-numquam', 'Expedita commodi molestias quaerat veniam amet quasi dolorum minus odio aut m'),
(350, '2237.09090909091', 'Eaque veniam voluptate saepe temporibus quibusdam vitae, necessitatibus iusto harum temporibus exe', '2019-05-02 22:42:38.655216', '2019-05-02 22:42:38.655216', 'pariatur-ex-ipsa-consectetur-et-beatae-impedit-cumque-quo-voluptate-quod-reprehenderit-iure', 'Temporibus sit nesciunt hic, sint accusamus laboriosam vel, cum assumenda ipsa'),
(351, '59217.5454545455', 'Dolor ut mollitia assumenda sunt, ea off', '2019-05-02 22:42:38.655216', '2019-05-02 22:42:38.655216', 'quam-id-natus-itaque-necessitatibus-magnam-consectetur-ab-saepe-dolore-possimus-placeat-minus-incidunt-architecto-cum-voluptatem-voluptatibus-se', 'Voluptatum consequatu'),
(352, '67363.2727272727', 'Consectetur illo', '2019-05-02 22:42:38.655216', '2019-05-02 22:42:38.655216', 'quos-ab-tempore-molestias-modi-perspiciatis-commodi-mollitia-repellat-excepturi-commodi-maiores-ex-iste-magni-iure-debitis-exce', 'Aperiam praesentium rerum odit consequatur libero ipsa iure, ipsam rem quaerat at veritatis mollit'),
(353, '26010.5454545455', 'Officiis to', '2019-05-02 22:42:38.670841', '2019-05-02 22:42:38.670841', 'ratione-inventore-architecto-neque-autem-consequatur-qui-totam-sapiente-laborum-aspernatur-obcaecati-re', 'Asperiores ma'),
(354, '21924.9090909091', 'Ad nam asperiores quos blanditiis excepturi voluptates', '2019-05-02 22:42:38.670841', '2019-05-02 22:42:38.670841', 'quisquam-nostrum-incidunt-aperiam-tempore-dolorem-nulla-tempora-molestias-ipsam-labore-nisi-porro-soluta-ex-facere-rerum-commodi-maiores-enim-id-ob', 'Ab voluptates sed error dolores odit, quae fugiat co'),
(355, '88491.0', 'Earum consequuntur nulla expedita, eaque numquam in illum adipisci, bea', '2019-05-02 22:42:38.670841', '2019-05-02 22:42:38.670841', 'pariatur-ex-ipsa-consectetur-et-beatae-impedit-cumque-quo-voluptate-quod-reprehenderit-iure', 'Magnam perferendis quibusdam molestias praesentium ullam dolores nostrum est adipisci similique sed'),
(356, '939.363636363636', 'Amet veritatis quae distinctio quia. Dolor possimus eius modi eaque incidunt si', '2019-05-02 22:42:38.670841', '2019-05-02 22:42:38.670841', 'libero-aperiam-voluptatibus-quod-fuga', 'Sapiente placeat molestiae consequatur provident veritatis animi ex beatae, dolore ar'),
(357, '55444.2727272727', 'Reiciendis asperiores alias unde voluptatem culpa eveniet, rerum magnam debitis inventore totam prov', '2019-05-02 22:42:38.670841', '2019-05-02 22:42:38.670841', 'dolore-facilis-minima-saepe-architecto-optio-doloribus-quibusdam-repudiandae-adipisci-eaque-itaque-temporibus-molestiae-eos-beatae-aut-ratione-modi-libero-iste-beatae-laborum-ab-quae-perspicia', 'Cumque sed distinctio quis nesciunt perferendis consectetur del'),
(358, '68407.0909090909', 'Soluta consequatur voluptatibus, fuga quasi tempore cupiditate do', '2019-05-02 22:42:38.686449', '2019-05-02 22:42:38.686449', 'debitis-nihil-odio-explicabo-obcaecati-repellat-maxime-tenetur-commodi-quod-sed-magni-dolores-officia-ex-impedit-quod-qu', 'Repellendus expedita nam, i'),
(359, '7100.45454545455', 'Fugiat ipsam facere delectus libero. At eveniet illum labore quam architecto, minima quos molestias', '2019-05-02 22:42:38.686449', '2019-05-02 22:42:38.686449', 'quam-id-natus-itaque-necessitatibus-magnam-consectetur-ab-saepe-dolore-possimus-placeat-minus-incidunt-architecto-cum-voluptatem-voluptatibus-se', 'Cum laborum corporis debitis iste repellat laboriosam aliquam quibusdam ducimus voluptas'),
(360, '18082.9090909091', 'Incidunt error ea quibusdam quo optio sint, adipisci deserunt sed laudantium numquam ea', '2019-05-02 22:42:38.686449', '2019-05-02 22:42:38.686449', 'eos-sunt-quod-excepturi-ducimus', 'Nulla aspernatur nisi eveniet deleniti quia vol'),
(361, '33796.0909090909', 'Facere iste voluptatem voluptatibus tenetur alias laborum, quasi', '2019-05-02 22:42:38.686449', '2019-05-02 22:42:38.686449', 'voluptatem-ratione-quo-possimus-maxime-odio-molestiae-asperiores-eius-eum-nulla-voluptas-explicabo-velit-dolorum-non-quibusdam-vitae-maxime-nesc', 'Similique cum reprehenderit quod debitis fugiat molestiae, vitae excepturi nam ipsum digni'),
(362, '34407.8181818182', 'Sunt cupiditate nesciunt nostrum beatae ad, assumenda doloremque ve', '2019-05-02 22:42:38.686449', '2019-05-02 22:42:38.686449', 'fuga-facere-enim-perferendis-est-possimus-cum-eveniet-expedita-ullam-provident-tenetur-sunt-autem-dolorum-aliquid-voluptates-debitis-tempore-delectus-eveniet-officia-modi-sed-ullam-earum-no', 'Est dolorum delectus veritatis, quas voluptas odit dignissimos et, mollitia a et dicta acc'),
(363, '90668.4545454545', 'Exercitationem ducimus ut est dolorum ea', '2019-05-02 22:42:38.686449', '2019-05-02 22:42:38.686449', 'ad-sapiente-nesciunt-quas-tempor', 'Sint velit porro iure corrupti odio asperiore'),
(364, '60657.1818181818', 'Explicabo recusandae optio magnam accusamus, maiores delectus repellat voluptatibus', '2019-05-02 22:42:38.702073', '2019-05-02 22:42:38.702073', 'quos-ab-tempore-molestias-modi-perspiciatis-commodi-mollitia-repellat-excepturi-commodi-maiores-ex-iste-magni-iure-debitis-exce', 'Iusto adipisci natus molestias'),
(365, '43481.6363636364', 'Neque officiis quibusdam dolorem? Perferendis ipsa laborum repellendus doloremque de', '2019-05-02 22:42:38.702073', '2019-05-02 22:42:38.702073', 'voluptatem-pariatur-quasi-sit-alias-illo-laborum-voluptatibus-facilis-dignissimos-voluptate-sequi-nihil-illo-culpa-nam-atque-omnis-eveniet-volupta', 'Modi earum ut beatae praesentium distinctio nobis. Ut eius dolore omnis, q'),
(366, '79609.2727272727', 'Illum officia labore vitae aspernatur dolorum fuga eligendi blanditiis ducimus atque sed,', '2019-05-02 22:42:38.702073', '2019-05-02 22:42:38.702073', 'dolore-facilis-minima-saepe-architecto-optio-doloribus-quibusdam-repudiandae-adipisci-eaque-itaque-temporibus-molestiae-eos-beatae-aut-ratione-modi-libero-iste-beatae-laborum-ab-quae-perspicia', 'Fuga unde fugit, consequuntur recusan'),
(367, '30303.1818181818', 'Officia corporis porro eveniet numquam haru', '2019-05-02 22:42:38.702073', '2019-05-02 22:42:38.702073', 'accusamus-officia-consequuntur-eveniet-fugit-maiores-iusto-eius-exercitationem-dolorum-omnis-sit-reprehenderit-eos-hic-quo-quaerat-saepe-nemo-consequuntur-numquam', 'Ipsa soluta corpo'),
(368, '33135.7272727273', 'Quia beatae quos quas unde dolorem iure iste, adipisci id repu', '2019-05-02 22:42:38.702073', '2019-05-02 22:42:38.702073', 'voluptas-sapiente-voluptatum-consectetur-quasi-un', 'Quod voluptas odit doloremque officia excepturi optio. Sit vol'),
(369, '7067.18181818182', 'Quisquam magni eaque maxime natus assumenda neque ad explicabo sint', '2019-05-02 22:42:38.717716', '2019-05-02 22:42:38.717716', 'dolore-facilis-minima-saepe-architecto-optio-doloribus-quibusdam-repudiandae-adipisci-eaque-itaque-temporibus-molestiae-eos-beatae-aut-ratione-modi-libero-iste-beatae-laborum-ab-quae-perspicia', 'Provident quasi quas aut tempore'),
(370, '5748.0', 'Maxime nemo eum reicien', '2019-05-02 22:42:38.717716', '2019-05-02 22:42:38.717716', 'voluptatem-pariatur-quasi-sit-alias-illo-laborum-voluptatibus-facilis-dignissimos-voluptate-sequi-nihil-illo-culpa-nam-atque-omnis-eveniet-volupta', 'Pariatur ullam ipsam hic vitae dolorem nisi, s'),
(371, '29600.9090909091', 'Aliquid tempore animi na', '2019-05-02 22:42:38.717716', '2019-05-02 22:42:38.717716', 'ab-repudiandae-omnis-fugiat-tenetur-totam-fugiat-aliquid-consequatur-natus-laborum-quod-quos-praesentium-cumque-totam-iste-unde-ratione', 'Consequatur voluptate fuga quam dignissimos deserunt maiores laborum est saepe, blanditiis accusan'),
(372, '59053.3636363636', 'Unde modi mollitia ipsum, rem distinctio dicta maiores expedita. Repellat possimus sequi dign', '2019-05-02 22:42:38.717716', '2019-05-02 22:42:38.717716', 'iusto-inventore-beatae-ad-consequatur-ea-molestiae-eaque-na', 'Iure iste laudantium laboriosam labore, mollitia culpa minus doloremque iste quo, beatae enim'),
(373, '49986.9090909091', 'Excepturi eveniet velit provident, voluptas dolori', '2019-05-02 22:42:38.717716', '2019-05-02 22:42:38.717716', 'quam-id-natus-itaque-necessitatibus-magnam-consectetur-ab-saepe-dolore-possimus-placeat-minus-incidunt-architecto-cum-voluptatem-voluptatibus-se', 'Voluptatibus illo natus officia magni ex, de'),
(374, '29188.7272727273', 'Sunt suscipit ap', '2019-05-02 22:42:38.733930', '2019-05-02 22:42:38.733930', 'debitis-nihil-odio-explicabo-obcaecati-repellat-maxime-tenetur-commodi-quod-sed-magni-dolores-officia-ex-impedit-quod-qu', 'In impedit ipsa doloremque autem dolore magni qui'),
(375, '62187.5454545455', 'Mollitia quae enim ad ex', '2019-05-02 22:42:38.737934', '2019-05-02 22:42:38.737934', 'officiis-mollitia-error-minus-temporibus-ipsa-dolore-corporis-cumque-it', 'Repellat quia in placeat dicta quaerat dolor corporis dolorum digni'),
(376, '28127.8181818182', 'Ex pariatur quaerat incidunt ab voluptatibus animi maxime praesentium expedita quasi, sapien', '2019-05-02 22:42:38.741938', '2019-05-02 22:42:38.741938', 'eos-sunt-quod-excepturi-ducimus', 'Officia facilis error. Unde quasi dolore voluptate labore, libero quaerat ut deseru'),
(377, '81850.6363636364', 'Ullam temporibus facere illo consectetur cumque ex labore officia, at eiu', '2019-05-02 22:42:38.745935', '2019-05-02 22:42:38.745935', 'eum-minus-dicta-quam-dolores-vero-nesciunt-distinc', 'Eaque molestiae soluta eveniet accusamus sint unde optio enim quis dolor quas, dolori'),
(378, '543.0', 'Facilis et', '2019-05-02 22:42:38.749952', '2019-05-02 22:42:38.749952', 'quam-id-natus-itaque-necessitatibus-magnam-consectetur-ab-saepe-dolore-possimus-placeat-minus-incidunt-architecto-cum-voluptatem-voluptatibus-se', 'Dolorum maxime lib'),
(379, '72022.0909090909', 'Veritatis ea saepe unde deserunt eum debitis accusa', '2019-05-02 22:42:38.753951', '2019-05-02 22:42:38.753951', 'eos-sunt-quod-excepturi-ducimus', 'Eaque corrupti ipsa c'),
(380, '52013.5454545455', 'Amet tenetur dicta dignissimos, sint possimus dolore accusamus. Even', '2019-05-02 22:42:38.758069', '2019-05-02 22:42:38.758069', 'debitis-nihil-odio-explicabo-obcaecati-repellat-maxime-tenetur-commodi-quod-sed-magni-dolores-officia-ex-impedit-quod-qu', 'Suscipit similique fuga deserunt venia'),
(381, '23197.4545454545', 'Quasi incidunt excepturi aspernatur et, repudiandae a', '2019-05-02 22:42:38.758069', '2019-05-02 22:42:38.758069', 'iusto-inventore-beatae-ad-consequatur-ea-molestiae-eaque-na', 'Vitae exercitationem reprehenderit pariatur'),
(382, '61511.6363636364', 'Cumque quam provident assumenda ex pariatur nam perferendis tenetur similique quae laborum. Vero', '2019-05-02 22:42:38.758069', '2019-05-02 22:42:38.758069', 'laudantium-porro-accusamus', 'Vitae ullam optio assumenda, aspernatur corporis sint nemo voluptatibus provident explicabo velit'),
(383, '9292.54545454545', 'Ipsum velit provident veniam, suscipit doloribus repudiandae ut ea conse', '2019-05-02 22:42:38.773718', '2019-05-02 22:42:38.773718', 'fuga-facere-enim-perferendis-est-possimus-cum-eveniet-expedita-ullam-provident-tenetur-sunt-autem-dolorum-aliquid-voluptates-debitis-tempore-delectus-eveniet-officia-modi-sed-ullam-earum-no', 'Aspernatur officiis rep'),
(384, '64818.0909090909', 'Necessitatibus praesentium pariatur voluptatum suscipit ei', '2019-05-02 22:42:38.773718', '2019-05-02 22:42:38.773718', 'accusamus-officia-consequuntur-eveniet-fugit-maiores-iusto-eius-exercitationem-dolorum-omnis-sit-reprehenderit-eos-hic-quo-quaerat-saepe-nemo-consequuntur-numquam', 'Inventore dolor repellat quia distinctio doloremque it'),
(385, '51233.9090909091', 'Nobis harum', '2019-05-02 22:42:38.773718', '2019-05-02 22:42:38.773718', 'quam-exercitationem-odio-facilis-velit-saepe-pari', 'Assumenda maxime non soluta blanditiis laboriosam impedit fugi'),
(386, '51637.8181818182', 'Facere ut recusandae sunt omnis excepturi maiores quam quid', '2019-05-02 22:42:38.773718', '2019-05-02 22:42:38.773718', 'eum-minus-dicta-quam-dolores-vero-nesciunt-distinc', 'Autem quis ad atque modi impedit repellat rem dolores aspernatur libero ipsa, consequuntur'),
(387, '37003.4545454545', 'Facilis temporibus commodi inventore dolor. Dis', '2019-05-02 22:42:38.789343', '2019-05-02 22:42:38.789343', 'voluptatem-ratione-quo-possimus-maxime-odio-molestiae-asperiores-eius-eum-nulla-voluptas-explicabo-velit-dolorum-non-quibusdam-vitae-maxime-nesc', 'Architecto nostrum voluptate labore quibusdam nec'),
(388, '85687.1818181818', 'Ab nesciunt dolo', '2019-05-02 22:42:38.789343', '2019-05-02 22:42:38.789343', 'quaerat-minus-atque-nemo-dolore-nesciunt-quos-corrupti-asperiores-adipisci-voluptatem-aliquid-di', 'Voluptatem modi expedita dignissimos quos'),
(389, '28255.0', 'Asperiores quaerat saepe corporis quos ratione verit', '2019-05-02 22:42:38.789343', '2019-05-02 22:42:38.789343', 'debitis-nihil-odio-explicabo-obcaecati-repellat-maxime-tenetur-commodi-quod-sed-magni-dolores-officia-ex-impedit-quod-qu', 'Assumenda harum vero rem dolorem sint provident quisquam alias blan'),
(390, '47431.6363636364', 'Rerum corporis natus dolo', '2019-05-02 22:42:38.789343', '2019-05-02 22:42:38.789343', 'debitis-nihil-odio-explicabo-obcaecati-repellat-maxime-tenetur-commodi-quod-sed-magni-dolores-officia-ex-impedit-quod-qu', 'Repellendus dignissimos laborum amet fuga sunt cum facere perspiciatis suscipit quaer'),
(391, '49081.5454545455', 'Repellendus accusamus consequatur voluptates. Por', '2019-05-02 22:42:38.804966', '2019-05-02 22:42:38.804966', 'laudantium-porro-accusamus', 'Velit laudantium cum, dolore reprehenderit distinctio eos illum porro ab ad adipis'),
(392, '50704.2727272727', 'Laborum saepe hic harum doloremque est', '2019-05-02 22:42:38.804966', '2019-05-02 22:42:38.804966', 'ratione-inventore-architecto-neque-autem-consequatur-qui-totam-sapiente-laborum-aspernatur-obcaecati-re', 'Illum distinctio porro voluptates atque animi acc'),
(393, '52670.3636363636', 'Beatae corrupti dolore odit fugiat sint magni delectus culpa vero optio quisquam, nesciunt imp', '2019-05-02 22:42:38.804966', '2019-05-02 22:42:38.804966', 'voluptatem-ratione-quo-possimus-maxime-odio-molestiae-asperiores-eius-eum-nulla-voluptas-explicabo-velit-dolorum-non-quibusdam-vitae-maxime-nesc', 'Suscipit aspernatur enim dicta es'),
(394, '97157.9090909091', 'Perferendis dicta sunt quaerat aspernatur totam voluptates dolore rerum? Natus maxime', '2019-05-02 22:42:38.804966', '2019-05-02 22:42:38.804966', 'quaerat-minus-atque-nemo-dolore-nesciunt-quos-corrupti-asperiores-adipisci-voluptatem-aliquid-di', 'Esse ratione tenetur animi aspernatur iusto quaerat eligendi impedit commodi adipisci. Of'),
(395, '20116.0909090909', 'Dolores ducimus molestiae magnam autem labore ratione magni dolorem maxime nam assumenda, fac', '2019-05-02 22:42:38.820573', '2019-05-02 22:42:38.820573', 'accusamus-officia-consequuntur-eveniet-fugit-maiores-iusto-eius-exercitationem-dolorum-omnis-sit-reprehenderit-eos-hic-quo-quaerat-saepe-nemo-consequuntur-numquam', 'Nesciunt aliquid veniam consequuntur reprehenderit libero blanditiis hic, maio'),
(396, '13554.8181818182', 'Voluptatibus tenetur minus enim fuga aliquid magni ea, vitae qui', '2019-05-02 22:42:38.820573', '2019-05-02 22:42:38.820573', 'quos-ab-tempore-molestias-modi-perspiciatis-commodi-mollitia-repellat-excepturi-commodi-maiores-ex-iste-magni-iure-debitis-exce', 'Delectus qui recusandae corporis aperiam adip'),
(397, '25200.3636363636', 'Necessitatibus repellat earum, excepturi natus earum tenetur quos maiores molestias nostrum, per', '2019-05-02 22:42:38.820573', '2019-05-02 22:42:38.820573', 'quaerat-minus-atque-nemo-dolore-nesciunt-quos-corrupti-asperiores-adipisci-voluptatem-aliquid-di', 'Quaerat sint praesentium laudantium'),
(398, '65039.6363636364', 'Maxime doloribus hic expedita', '2019-05-02 22:42:38.820573', '2019-05-02 22:42:38.820573', 'quos-ab-tempore-molestias-modi-perspiciatis-commodi-mollitia-repellat-excepturi-commodi-maiores-ex-iste-magni-iure-debitis-exce', 'Quasi officiis eveniet ducimu'),
(399, '5731.63636363636', 'Laudantium assumenda quibusdam ducimus soluta maiores animi tempora in doloremque modi perferendi', '2019-05-02 22:42:38.820573', '2019-05-02 22:42:38.820573', 'doloribus-quasi-cumque-eius-beatae-deserunt-officia-id-alias-iusto-hic-recusandae-saepe-fugit-architecto-ducimus-in-nesciunt-eligendi-fugiat-atque-nihil-reprehenderit-mollitia-quis-nulla-a', 'Illum eligendi culpa labore? Tempora vitae offi'),
(400, '16553.6363636364', 'Et ratione neque? Porro iste v', '2019-05-02 22:42:38.836197', '2019-05-02 22:42:38.836197', 'quos-ab-tempore-molestias-modi-perspiciatis-commodi-mollitia-repellat-excepturi-commodi-maiores-ex-iste-magni-iure-debitis-exce', 'Nesciunt ex expedita esse aspernatur, fuga quaerat molestia'),
(401, '56559.6363636364', 'Commodi enim dolore quae animi laborum maxime volu', '2019-05-02 22:42:38.836197', '2019-05-02 22:42:38.836197', 'quisquam-nostrum-incidunt-aperiam-tempore-dolorem-nulla-tempora-molestias-ipsam-labore-nisi-porro-soluta-ex-facere-rerum-commodi-maiores-enim-id-ob', 'Commodi fugit quaerat tempora nulla vitae? Libero ducimus similique eum debitis fug'),
(402, '74985.6363636364', 'Neque adipisci magni debitis tenetur', '2019-05-02 22:42:38.836197', '2019-05-02 22:42:38.836197', 'ratione-inventore-architecto-neque-autem-consequatur-qui-totam-sapiente-laborum-aspernatur-obcaecati-re', 'Dolorum culpa hic possi'),
(403, '65009.0', 'Possimus sunt mollitia accusantium corporis unde re', '2019-05-02 22:42:38.836197', '2019-05-02 22:42:38.836197', 'quam-id-natus-itaque-necessitatibus-magnam-consectetur-ab-saepe-dolore-possimus-placeat-minus-incidunt-architecto-cum-voluptatem-voluptatibus-se', 'Quidem animi error aspernatur tempore amet doloribus nemo quibusdam harum hic, distinctio s'),
(404, '63810.0', 'Eaque culpa ipsum voluptas, quasi i', '2019-05-02 22:42:38.836197', '2019-05-02 22:42:38.836197', 'quaerat-minus-atque-nemo-dolore-nesciunt-quos-corrupti-asperiores-adipisci-voluptatem-aliquid-di', 'Nemo aliquam ea p'),
(405, '43444.6363636364', 'Dignissimos autem ut, provident autem in repellat repellendus incidunt maior', '2019-05-02 22:42:38.851824', '2019-05-02 22:42:38.851824', 'minus-sint-obcaecati-in-nostrum-accusantium-architecto-nulla-mollitia-illum-sapiente-qui', 'Perferendis nobis magnam dolor eius labore'),
(406, '28684.4545454545', 'Architecto rerum explicabo consectetur mollitia est a', '2019-05-02 22:42:38.851824', '2019-05-02 22:42:38.851824', 'quos-ab-tempore-molestias-modi-perspiciatis-commodi-mollitia-repellat-excepturi-commodi-maiores-ex-iste-magni-iure-debitis-exce', 'Quod velit reiciendis vel commodi, dolo'),
(407, '7443.45454545454', 'Ullam debitis fuga laudantium aspernatur id ipsam quae quia suscipit est, quaerat necess', '2019-05-02 22:42:38.851824', '2019-05-02 22:42:38.851824', 'iusto-inventore-beatae-ad-consequatur-ea-molestiae-eaque-na', 'Totam quam ad aperiam repellendus velit nemo ipsam'),
(408, '98212.1818181818', 'Labore quae iure? Natus distinctio et ipsam, obcaeca', '2019-05-02 22:42:38.851824', '2019-05-02 22:42:38.851824', 'accusamus-officia-consequuntur-eveniet-fugit-maiores-iusto-eius-exercitationem-dolorum-omnis-sit-reprehenderit-eos-hic-quo-quaerat-saepe-nemo-consequuntur-numquam', 'Ipsam explicabo in odit minus provident quidem e'),
(409, '49546.7272727273', 'Assumenda aut aliquam quas consequatur recusandae eius saepe adipisc', '2019-05-02 22:42:38.851824', '2019-05-02 22:42:38.851824', 'dicta-sed-asperiores-iste-officiis-aut-et-quod-aliquam-natus-vel-magni-exercitationem-error-accusantium-id-non-illo-necessitatibus-sequi-quasi-facere-officiis-aut-quo-quidem-doloribu', 'Molestiae pariatur veniam eum cupiditate quo quisqua'),
(410, '2033.27272727273', 'Nam deleniti rerum repellat magnam sunt, provident minus min', '2019-05-02 22:42:38.867465', '2019-05-02 22:42:38.867465', 'eum-minus-dicta-quam-dolores-vero-nesciunt-distinc', 'Ipsa ipsum even'),
(411, '40328.3636363636', 'Sequi sit rerum repudiandae in ab exercitationem lauda', '2019-05-02 22:42:38.867465', '2019-05-02 22:42:38.867465', 'eum-minus-dicta-quam-dolores-vero-nesciunt-distinc', 'Pariatur facilis hic s'),
(412, '81252.0', 'Optio asperiores dolores it', '2019-05-02 22:42:38.867465', '2019-05-02 22:42:38.867465', 'eos-sunt-quod-excepturi-ducimus', 'Beatae dignissimos n'),
(413, '22815.2727272727', 'Sed iusto nisi distinctio dolores maiores mollitia reiciendis s', '2019-05-02 22:42:38.867465', '2019-05-02 22:42:38.867465', 'officiis-mollitia-error-minus-temporibus-ipsa-dolore-corporis-cumque-it', 'Odit repellat aspe'),
(414, '55519.8181818182', 'Commodi laudantium quidem quasi id dolore inventore, ea libero exercitationem. Qui', '2019-05-02 22:42:38.883092', '2019-05-02 22:42:38.883092', 'eum-minus-dicta-quam-dolores-vero-nesciunt-distinc', 'Praesentium tenetur vitae. Cupiditate necessitatibus praesentium cumque aspernatur facilis to'),
(415, '72713.6363636364', 'Hic totam aut quibusdam quam, earum', '2019-05-02 22:42:38.883092', '2019-05-02 22:42:38.883092', 'eos-sunt-quod-excepturi-ducimus', 'Ad ea libero dolore est ducimus accusamus, vel'),
(416, '86366.1818181818', 'Facilis officiis voluptatum asperiores molestias, molestias obcaecati iure? Alias laboriosam dolor', '2019-05-02 22:42:38.883092', '2019-05-02 22:42:38.883092', 'ipsum-aut-illum-voluptate-consequuntur-rerum-ex-voluptatum-doloremque-animi-corporis-omnis-earum', 'Ducimus commodi dolores, architecto nemo excepturi aut sint? Est earum'),
(417, '63453.1818181818', 'Saepe labore earum sit ad laborum iste ab totam doloribus dolore deleniti, quidem in sit nu', '2019-05-02 22:42:38.883092', '2019-05-02 22:42:38.883092', 'libero-aperiam-voluptatibus-quod-fuga', 'Fugiat corrupti itaque vero ullam fuga cumq'),
(418, '9180.54545454545', 'Accusamus modi quos quae veritatis earum v', '2019-05-02 22:42:38.883092', '2019-05-02 22:42:38.883092', 'quam-exercitationem-odio-facilis-velit-saepe-pari', 'Est deserunt facere dolore? Unde cumque perspiciatis provident. Ipsa quisquam voluptate'),
(419, '21671.5454545455', 'Vitae porro voluptatum culpa est aspernatur', '2019-05-02 22:42:38.898715', '2019-05-02 22:42:38.898715', 'quam-id-natus-itaque-necessitatibus-magnam-consectetur-ab-saepe-dolore-possimus-placeat-minus-incidunt-architecto-cum-voluptatem-voluptatibus-se', 'Sunt quo dolorum exercitationem fugiat reprehenderit ipsum ratione? Corrupti id quasi est magni'),
(420, '22470.1818181818', 'Dolor vel aperiam perspiciatis porro m', '2019-05-02 22:42:38.898715', '2019-05-02 22:42:38.898715', 'debitis-nihil-odio-explicabo-obcaecati-repellat-maxime-tenetur-commodi-quod-sed-magni-dolores-officia-ex-impedit-quod-qu', 'Nesciunt iste quam quibusdam et nam natus praesentium, earum voluptatibus necessitatibus accusantium'),
(421, '91873.0', 'Ea cumque itaque rem modi totam incidunt harum sed quod ipsa. Quis enim consectetur et, om', '2019-05-02 22:42:38.898715', '2019-05-02 22:42:38.898715', 'eos-sunt-quod-excepturi-ducimus', 'Iste fugiat perspiciatis expedita non nobis iure o'),
(422, '68864.7272727273', 'Repellendus mollitia atque quas, vero assumenda quos laudantium aspernatur eaque', '2019-05-02 22:42:38.914340', '2019-05-02 22:42:38.914340', 'eos-sunt-quod-excepturi-ducimus', 'Voluptatem veritatis praesentium quia nisi placeat ipsum enim excepturi blanditiis soluta aliquam'),
(423, '85167.6363636364', 'Natus adip', '2019-05-02 22:42:38.914340', '2019-05-02 22:42:38.914340', 'minus-sint-obcaecati-in-nostrum-accusantium-architecto-nulla-mollitia-illum-sapiente-qui', 'Consectetur fuga quas magni dolo'),
(424, '3275.90909090909', 'Vero molestiae dolor debitis reiciendis', '2019-05-02 22:42:38.914340', '2019-05-02 22:42:38.914340', 'accusamus-facilis-magnam-officiis-error-enim-impe', 'Obcaecati iusto iure nesciunt quos quod'),
(425, '93900.8181818182', 'Sint numquam placeat possimus laborum sed illum ea, magna', '2019-05-02 22:42:38.914340', '2019-05-02 22:42:38.914340', 'quam-id-natus-itaque-necessitatibus-magnam-consectetur-ab-saepe-dolore-possimus-placeat-minus-incidunt-architecto-cum-voluptatem-voluptatibus-se', 'Omnis possimus placeat debitis similique, perspiciatis repudiandae sint sed ex ut'),
(426, '79806.1818181818', 'Totam quas sapiente, officia eveniet veniam, quia veritatis repellendus vero sit', '2019-05-02 22:42:38.929967', '2019-05-02 22:42:38.929967', 'ipsum-aut-illum-voluptate-consequuntur-rerum-ex-voluptatum-doloremque-animi-corporis-omnis-earum', 'Doloremque temporibus deserunt ea error? Voluptatem aspernatur labore vero illo in sequi pa'),
(427, '51757.5454545455', 'Soluta aut veli', '2019-05-02 22:42:38.929967', '2019-05-02 22:42:38.929967', 'ipsum-aut-illum-voluptate-consequuntur-rerum-ex-voluptatum-doloremque-animi-corporis-omnis-earum', 'Corrupti eaque neque nam aspernatur quasi nobis cupiditate? Totam adipisci veniam quibusdam'),
(428, '40426.0909090909', 'Numquam veniam ut, laudantium tenetur recusandae cupiditate', '2019-05-02 22:42:38.929967', '2019-05-02 22:42:38.929967', 'iusto-inventore-beatae-ad-consequatur-ea-molestiae-eaque-na', 'Fugiat consequatur non repellat reprehenderit error, delectus eum autem'),
(429, '42825.9090909091', 'Necessitatibus nam vero. Illum tempora doloribus, aperiam maiores enim, volupta', '2019-05-02 22:42:38.929967', '2019-05-02 22:42:38.929967', 'dicta-sed-asperiores-iste-officiis-aut-et-quod-aliquam-natus-vel-magni-exercitationem-error-accusantium-id-non-illo-necessitatibus-sequi-quasi-facere-officiis-aut-quo-quidem-doloribu', 'Adipisci ullam in harum inventore cumque dolorum vel labore unde'),
(430, '64073.9090909091', 'Harum odio sunt deserunt cupiditate est', '2019-05-02 22:42:38.945577', '2019-05-02 22:42:38.945577', 'officiis-nisi-quae-tempora-perferendis-obcaecati-rerum-ut-reprehenderit-repellat-saepe-sapiente-doloremque-quam-inventore-facere-es', 'Iste nemo debitis ad mollitia provident ducimus, consequatur distinctio ut accusantium nihil cupidi'),
(431, '92177.5454545455', 'Temporibus i', '2019-05-02 22:42:38.945577', '2019-05-02 22:42:38.945577', 'dicta-sed-asperiores-iste-officiis-aut-et-quod-aliquam-natus-vel-magni-exercitationem-error-accusantium-id-non-illo-necessitatibus-sequi-quasi-facere-officiis-aut-quo-quidem-doloribu', 'Quibusdam repellat alias recusandae? Iure suscipit accu'),
(432, '35902.9090909091', 'Ipsam sequi error explicabo repudiandae autem fugiat ad', '2019-05-02 22:42:38.945577', '2019-05-02 22:42:38.945577', 'voluptatem-ratione-quo-possimus-maxime-odio-molestiae-asperiores-eius-eum-nulla-voluptas-explicabo-velit-dolorum-non-quibusdam-vitae-maxime-nesc', 'Saepe iure beatae quas ad omnis, id assumenda aut voluptates sed quaerat eveniet qui aliquid volu'),
(433, '36640.2727272727', 'Architecto ratione iusto rerum quae labore it', '2019-05-02 22:42:38.945577', '2019-05-02 22:42:38.945577', 'ratione-inventore-architecto-neque-autem-consequatur-qui-totam-sapiente-laborum-aspernatur-obcaecati-re', 'Ipsa assumen'),
(434, '83356.3636363636', 'Quas a iure, blanditiis veritatis molestiae debitis sit autem a', '2019-05-02 22:42:38.961198', '2019-05-02 22:42:38.961198', 'dolore-facilis-minima-saepe-architecto-optio-doloribus-quibusdam-repudiandae-adipisci-eaque-itaque-temporibus-molestiae-eos-beatae-aut-ratione-modi-libero-iste-beatae-laborum-ab-quae-perspicia', 'Nisi nulla vitae esse soluta in similique, amet est placeat mollitia. Fuga quasi accusamus op'),
(435, '46845.0', 'Quos minima saepe dolorum quide', '2019-05-02 22:42:38.961198', '2019-05-02 22:42:38.961198', 'ab-repudiandae-omnis-fugiat-tenetur-totam-fugiat-aliquid-consequatur-natus-laborum-quod-quos-praesentium-cumque-totam-iste-unde-ratione', 'Itaque aliquam dicta odit provident, exercitationem tempore obcaecati dignissimos,'),
(436, '38858.9090909091', 'Nemo odio modi facilis vitae eum saepe, iste reiciendis quas fugit veniam sequi laborum bea', '2019-05-02 22:42:38.961198', '2019-05-02 22:42:38.961198', 'officiis-mollitia-error-minus-temporibus-ipsa-dolore-corporis-cumque-it', 'Officia cumque aperiam quibusdam obcaecati fugit, similique q'),
(437, '27492.4545454545', 'Non odit dicta quaerat ex culpa ex', '2019-05-02 22:42:38.961198', '2019-05-02 22:42:38.961198', 'quaerat-minus-atque-nemo-dolore-nesciunt-quos-corrupti-asperiores-adipisci-voluptatem-aliquid-di', 'Ullam minima obcaecati neque quas qui, placeat pariatur esse quasi exer'),
(438, '65547.7272727273', 'Placeat eos minima soluta temporibus blanditiis maxime beatae asperiores totam quos dolore', '2019-05-02 22:42:38.976827', '2019-05-02 22:42:38.976827', 'quam-exercitationem-odio-facilis-velit-saepe-pari', 'Distinctio consequuntur perspiciatis corporis, ratione soluta nulla sint, nihil perferendis architec'),
(439, '23125.9090909091', 'Dolor alias facere facilis minima amet, quos vel eos similique eveniet ipsum sunt sed m', '2019-05-02 22:42:38.976827', '2019-05-02 22:42:38.976827', 'minus-sint-obcaecati-in-nostrum-accusantium-architecto-nulla-mollitia-illum-sapiente-qui', 'Doloribus voluptatum dolore velit et vero autem eve'),
(440, '26276.1818181818', 'A aliquid sunt natus pariatur nihil deleniti, c', '2019-05-02 22:42:38.976827', '2019-05-02 22:42:38.976827', 'debitis-nihil-odio-explicabo-obcaecati-repellat-maxime-tenetur-commodi-quod-sed-magni-dolores-officia-ex-impedit-quod-qu', 'Placeat vel at reprehenderit eius ratione esse non nisi dolorum ipsa, ab nihil corporis repudian'),
(441, '90183.8181818182', 'Aut fugit recusandae, simi', '2019-05-02 22:42:38.976827', '2019-05-02 22:42:38.976827', 'officiis-mollitia-error-minus-temporibus-ipsa-dolore-corporis-cumque-it', 'Dolor nostrum accusamus cum dolorem porro pariatur facere incidunt aliqu'),
(442, '15746.5454545455', 'Earum nesciunt qui', '2019-05-02 22:42:38.976827', '2019-05-02 22:42:38.976827', 'pariatur-ex-ipsa-consectetur-et-beatae-impedit-cumque-quo-voluptate-quod-reprehenderit-iure', 'Id obcaecati corrupti, quas rerum natus doloremque repudiandae non neque beatae optio su'),
(443, '44312.0', 'Debitis fuga amet? Aut saepe sit quod impedit quas at repellendus? Ad et saepe so', '2019-05-02 22:42:38.992453', '2019-05-02 22:42:38.992453', 'officiis-mollitia-error-minus-temporibus-ipsa-dolore-corporis-cumque-it', 'Dolorum sequi debitis neque re'),
(444, '10199.3636363636', 'Eligendi aspernatur totam autem doloribus fugit nam ipsam laudantium qui modi, aliquam', '2019-05-02 22:42:38.992453', '2019-05-02 22:42:38.992453', 'doloribus-quasi-cumque-eius-beatae-deserunt-officia-id-alias-iusto-hic-recusandae-saepe-fugit-architecto-ducimus-in-nesciunt-eligendi-fugiat-atque-nihil-reprehenderit-mollitia-quis-nulla-a', 'Vitae alias voluptates provident asperiores, consequ'),
(445, '46210.0909090909', 'Nihil incidunt amet architecto quisquam totam? C', '2019-05-02 22:42:38.992453', '2019-05-02 22:42:38.992453', 'officiis-nisi-quae-tempora-perferendis-obcaecati-rerum-ut-reprehenderit-repellat-saepe-sapiente-doloremque-quam-inventore-facere-es', 'Placeat quia quibusdam quidem explicabo, alias quibus'),
(446, '47070.7272727273', 'Neque asperiores q', '2019-05-02 22:42:38.992453', '2019-05-02 22:42:38.992453', 'accusamus-facilis-magnam-officiis-error-enim-impe', 'Nihil voluptatum aliquam est tempora cumque accusamus,'),
(447, '96148.1818181818', 'Accusantium re', '2019-05-02 22:42:39.008092', '2019-05-02 22:42:39.008092', 'quos-ab-tempore-molestias-modi-perspiciatis-commodi-mollitia-repellat-excepturi-commodi-maiores-ex-iste-magni-iure-debitis-exce', 'Architecto est eum voluptatem quis itaque praesentium perspi'),
(448, '58927.7272727273', 'Nobis quisquam', '2019-05-02 22:42:39.008092', '2019-05-02 22:42:39.008092', 'debitis-nihil-odio-explicabo-obcaecati-repellat-maxime-tenetur-commodi-quod-sed-magni-dolores-officia-ex-impedit-quod-qu', 'Natus pariat'),
(449, '13783.6363636364', 'Cumque suscipit itaque hic impedit, quas ullam eveniet minima n', '2019-05-02 22:42:39.008092', '2019-05-02 22:42:39.008092', 'voluptas-sapiente-voluptatum-consectetur-quasi-un', 'Sit magnam corporis laboriosam optio provident nisi ducimus consequuntur unde'),
(450, '21438.3636363636', 'Cumque quo eos laboriosam vitae p', '2019-05-02 22:42:39.008092', '2019-05-02 22:42:39.008092', 'ab-repudiandae-omnis-fugiat-tenetur-totam-fugiat-aliquid-consequatur-natus-laborum-quod-quos-praesentium-cumque-totam-iste-unde-ratione', 'Fugit nam dolor voluptas sit iusto eos rep'),
(451, '79309.9090909091', 'Suscipit quia illo consectetur unde perspiciatis fuga', '2019-05-02 22:42:39.023700', '2019-05-02 22:42:39.023700', 'quos-ab-tempore-molestias-modi-perspiciatis-commodi-mollitia-repellat-excepturi-commodi-maiores-ex-iste-magni-iure-debitis-exce', 'Rerum quos obcaecati nam omnis architecto dicta earum placeat amet officiis accusantium, veritati'),
(452, '8345.90909090909', 'Perferendis labore tempora corporis veniam? Quae eum', '2019-05-02 22:42:39.023700', '2019-05-02 22:42:39.023700', 'pariatur-ex-ipsa-consectetur-et-beatae-impedit-cumque-quo-voluptate-quod-reprehenderit-iure', 'Sit quae quam totam p'),
(453, '60421.8181818182', 'Modi eos fugiat quia ut aperiam atque vel asperiores omnis,', '2019-05-02 22:42:39.023700', '2019-05-02 22:42:39.023700', 'quisquam-nostrum-incidunt-aperiam-tempore-dolorem-nulla-tempora-molestias-ipsam-labore-nisi-porro-soluta-ex-facere-rerum-commodi-maiores-enim-id-ob', 'Hic neque quidem quibusdam dolore tempora, id vitae itaque ut odit maxime fuga officia similiq'),
(454, '20403.1818181818', 'Accusantium modi dolores quibusdam sapiente labore neque, et itaque iste mollitia tempore po', '2019-05-02 22:42:39.023700', '2019-05-02 22:42:39.023700', 'eum-minus-dicta-quam-dolores-vero-nesciunt-distinc', 'Soluta consequuntur quam deleniti deserunt, libero eius nobis impedit iste, alias earum esse unde'),
(455, '95763.3636363636', 'Totam ut nam aliquam quaerat dignissi', '2019-05-02 22:42:39.023700', '2019-05-02 22:42:39.023700', 'pariatur-ex-ipsa-consectetur-et-beatae-impedit-cumque-quo-voluptate-quod-reprehenderit-iure', 'Iusto laborum sint placeat quam quia, id voluptate eum providen'),
(456, '84501.0', 'Accusantium neque odio eos assumenda dignissimos dolore quidem obcaecati facilis, velit', '2019-05-02 22:42:39.039329', '2019-05-02 22:42:39.039329', 'debitis-nihil-odio-explicabo-obcaecati-repellat-maxime-tenetur-commodi-quod-sed-magni-dolores-officia-ex-impedit-quod-qu', 'Dolorem ut soluta totam laudantium, deserunt dolorum minus architecto maxime praesen'),
(457, '1553.18181818182', 'Consequuntur laborum nesciunt vitae temporibus, voluptatibus ea eveniet', '2019-05-02 22:42:39.039329', '2019-05-02 22:42:39.039329', 'voluptas-sapiente-voluptatum-consectetur-quasi-un', 'Exercitationem voluptates hic inventore omn'),
(458, '22939.9090909091', 'Deleniti sint sapiente illum ea corporis? Ipsum suscipit quibusdam veritatis v', '2019-05-02 22:42:39.039329', '2019-05-02 22:42:39.039329', 'iusto-inventore-beatae-ad-consequatur-ea-molestiae-eaque-na', 'Voluptates consequuntur asperiores modi, quaerat vol'),
(459, '50974.0909090909', 'Necessitatibus ipsa error pariatur iure quam magnam dolores ma', '2019-05-02 22:42:39.039329', '2019-05-02 22:42:39.039329', 'minus-sint-obcaecati-in-nostrum-accusantium-architecto-nulla-mollitia-illum-sapiente-qui', 'Neque eligendi nulla adipisci repellendus officiis assumenda illum veniam iusto. Alias sit'),
(460, '94871.6363636364', 'Voluptatem excepturi animi quam, expedita dolore assumenda veritatis', '2019-05-02 22:42:39.039329', '2019-05-02 22:42:39.039329', 'ad-sapiente-nesciunt-quas-tempor', 'Officia maxime error imped'),
(461, '81355.2727272727', 'In incidunt asperiores? Consequatur labore om', '2019-05-02 22:42:39.054951', '2019-05-02 22:42:39.054951', 'debitis-nihil-odio-explicabo-obcaecati-repellat-maxime-tenetur-commodi-quod-sed-magni-dolores-officia-ex-impedit-quod-qu', 'Illum esse eveniet autem ve'),
(462, '7913.0', 'Nisi impedit temporibus amet, totam dolorem nostrum sit placeat', '2019-05-02 22:42:39.054951', '2019-05-02 22:42:39.054951', 'doloribus-quasi-cumque-eius-beatae-deserunt-officia-id-alias-iusto-hic-recusandae-saepe-fugit-architecto-ducimus-in-nesciunt-eligendi-fugiat-atque-nihil-reprehenderit-mollitia-quis-nulla-a', 'Exercitationem dolorem vitae fuga dolorum aperiam possimus consequuntur asperiores tempora, vo'),
(463, '85969.0909090909', 'Quo mollitia quisquam vitae, corporis praesentium modi debitis quis molestias', '2019-05-02 22:42:39.054951', '2019-05-02 22:42:39.054951', 'voluptatem-pariatur-quasi-sit-alias-illo-laborum-voluptatibus-facilis-dignissimos-voluptate-sequi-nihil-illo-culpa-nam-atque-omnis-eveniet-volupta', 'Accusantium cupiditate magnam aut blanditiis alias ipsam? Ullam recusan'),
(464, '68498.5454545455', 'Dolorum iste sint sed rem voluptas ducimus esse itaque accusantium, culpa doloribu', '2019-05-02 22:42:39.054951', '2019-05-02 22:42:39.054951', 'fuga-facere-enim-perferendis-est-possimus-cum-eveniet-expedita-ullam-provident-tenetur-sunt-autem-dolorum-aliquid-voluptates-debitis-tempore-delectus-eveniet-officia-modi-sed-ullam-earum-no', 'Veritatis at repell'),
(465, '4816.09090909091', 'Numquam laborum possimus et commodi aspernatur facilis non, recusandae quod', '2019-05-02 22:42:39.070579', '2019-05-02 22:42:39.070579', 'libero-aperiam-voluptatibus-quod-fuga', 'Accusantiu'),
(466, '81156.6363636364', 'Fuga numquam atque aliquam rerum voluptatibus et qui perspiciatis,', '2019-05-02 22:42:39.070579', '2019-05-02 22:42:39.070579', 'ad-sapiente-nesciunt-quas-tempor', 'Possimus cum autem labore quas quo, officia quis error repellat, molestias fuga libero fugit eos l'),
(467, '44810.6363636364', 'Expedita ipsum provident eligendi distinctio culpa, dolor nesciunt assum', '2019-05-02 22:42:39.070579', '2019-05-02 22:42:39.070579', 'voluptas-sapiente-voluptatum-consectetur-quasi-un', 'Laborum sint neq'),
(468, '18060.0', 'Sint laborum', '2019-05-02 22:42:39.070579', '2019-05-02 22:42:39.070579', 'ab-repudiandae-omnis-fugiat-tenetur-totam-fugiat-aliquid-consequatur-natus-laborum-quod-quos-praesentium-cumque-totam-iste-unde-ratione', 'Eligendi tenetur quae aliquid cum blanditiis ar'),
(469, '41371.8181818182', 'Doloribus consequuntur facere quas illum voluptat', '2019-05-02 22:42:39.086201', '2019-05-02 22:42:39.086201', 'ad-sapiente-nesciunt-quas-tempor', 'Reiciendis odio debitis quisquam commodi beatae possimus eveniet, a cum'),
(470, '11397.0', 'Vel est cum assumenda deleniti voluptatem asperiores quam', '2019-05-02 22:42:39.086201', '2019-05-02 22:42:39.086201', 'officiis-mollitia-error-minus-temporibus-ipsa-dolore-corporis-cumque-it', 'Labore sapiente officia obcaecati temporibus, deleniti aliquam iusto in animi praesentium quibusd'),
(471, '78146.0', 'Quidem consectetur repellendus minima molestias, earum harum perferendis', '2019-05-02 22:42:39.086201', '2019-05-02 22:42:39.086201', 'officiis-mollitia-error-minus-temporibus-ipsa-dolore-corporis-cumque-it', 'Tenetur incidunt id perferendis labore nobis rem ut molli'),
(472, '69085.1818181818', 'Quae ad fuga nostrum dolor at deleniti repudiandae te', '2019-05-02 22:42:39.086201', '2019-05-02 22:42:39.086201', 'quisquam-nostrum-incidunt-aperiam-tempore-dolorem-nulla-tempora-molestias-ipsam-labore-nisi-porro-soluta-ex-facere-rerum-commodi-maiores-enim-id-ob', 'Quia laudantium animi distinctio mollitia ex'),
(473, '79130.2727272727', 'Ducimus quasi voluptates repre', '2019-05-02 22:42:39.101826', '2019-05-02 22:42:39.101826', 'accusamus-officia-consequuntur-eveniet-fugit-maiores-iusto-eius-exercitationem-dolorum-omnis-sit-reprehenderit-eos-hic-quo-quaerat-saepe-nemo-consequuntur-numquam', 'Accusantium asperiores tempore dicta,'),
(474, '98920.3636363636', 'Debitis quaerat earum eum', '2019-05-02 22:42:39.101826', '2019-05-02 22:42:39.101826', 'iusto-inventore-beatae-ad-consequatur-ea-molestiae-eaque-na', 'Excepturi dolorem at ipsum, asperiores unde de'),
(475, '23678.0', 'Nostrum quia ducimus temporibus acc', '2019-05-02 22:42:39.101826', '2019-05-02 22:42:39.101826', 'ratione-inventore-architecto-neque-autem-consequatur-qui-totam-sapiente-laborum-aspernatur-obcaecati-re', 'Velit libero expedita nostrum alias iusto minus nulla aperiam ill'),
(476, '92630.8181818182', 'Rem eveniet reprehenderit consequuntur, numquam veniam officia tempore rem ul', '2019-05-02 22:42:39.101826', '2019-05-02 22:42:39.101826', 'officiis-nisi-quae-tempora-perferendis-obcaecati-rerum-ut-reprehenderit-repellat-saepe-sapiente-doloremque-quam-inventore-facere-es', 'Repudiandae quidem magnam consequuntur sapiente eveniet debitis dolor'),
(477, '70235.3636363636', 'Odio qui ipsa corrupti magnam sed nam tempore sapiente consec', '2019-05-02 22:42:39.101826', '2019-05-02 22:42:39.101826', 'voluptatem-ratione-quo-possimus-maxime-odio-molestiae-asperiores-eius-eum-nulla-voluptas-explicabo-velit-dolorum-non-quibusdam-vitae-maxime-nesc', 'Asperiores ad culpa suscipit, aut neque possimus, nulla recusandae sunt temporibus numquam, obcaeca'),
(478, '64727.6363636364', 'Veniam sunt est debitis autem deleniti voluptatem dolorem nihil eius, pos', '2019-05-02 22:42:39.117451', '2019-05-02 22:42:39.117451', 'pariatur-ex-in-sequi-explicabo-ratione-consequatur-culpa-enim-vel-laudant', 'Quaerat nemo iure commodi amet rem ipsum provident suscipi'),
(479, '58597.7272727273', 'Atque voluptas quis voluptatum, fugiat suscipit eius fa', '2019-05-02 22:42:39.117451', '2019-05-02 22:42:39.117451', 'libero-aperiam-voluptatibus-quod-fuga', 'Vel consequatur omnis ipsam exercit'),
(480, '666.454545454546', 'Quae quibus', '2019-05-02 22:42:39.117451', '2019-05-02 22:42:39.117451', 'accusamus-facilis-magnam-officiis-error-enim-impe', 'Molestias quos non magni amet'),
(481, '74278.4545454545', 'Similique ip', '2019-05-02 22:42:39.133076', '2019-05-02 22:42:39.133076', 'voluptatem-pariatur-quasi-sit-alias-illo-laborum-voluptatibus-facilis-dignissimos-voluptate-sequi-nihil-illo-culpa-nam-atque-omnis-eveniet-volupta', 'Accusamus reiciendis expedita placeat h'),
(482, '44516.1818181818', 'Nesciunt dolores ipsum quibusdam', '2019-05-02 22:42:39.133076', '2019-05-02 22:42:39.133076', 'doloribus-quasi-cumque-eius-beatae-deserunt-officia-id-alias-iusto-hic-recusandae-saepe-fugit-architecto-ducimus-in-nesciunt-eligendi-fugiat-atque-nihil-reprehenderit-mollitia-quis-nulla-a', 'Optio omnis dolore provident magnam quidem, distinctio quod asper'),
(483, '89208.4545454545', 'Odio neque necessitatibus ipsa ut commodi officia quam praesentium facilis exercitationem', '2019-05-02 22:42:39.133076', '2019-05-02 22:42:39.133076', 'officiis-nisi-quae-tempora-perferendis-obcaecati-rerum-ut-reprehenderit-repellat-saepe-sapiente-doloremque-quam-inventore-facere-es', 'Vel reiciendis expedita hic fugit, quis ducimus illo vero'),
(484, '66803.1818181818', 'Pariatur accusantium eum recusandae obcaecati, autem quos ver', '2019-05-02 22:42:39.133076', '2019-05-02 22:42:39.133076', 'ad-sapiente-nesciunt-quas-tempor', 'Tenetur maiores rerum numquam reprehend'),
(485, '56251.7272727273', 'Reiciendis perferendis cum sed ipsa repell', '2019-05-02 22:42:39.148702', '2019-05-02 22:42:39.148702', 'pariatur-ex-ipsa-consectetur-et-beatae-impedit-cumque-quo-voluptate-quod-reprehenderit-iure', 'Explicabo repre'),
(486, '19229.0', 'Cum atque exercitationem quisquam natus perferendis fugia', '2019-05-02 22:42:39.148702', '2019-05-02 22:42:39.148702', 'dolore-facilis-minima-saepe-architecto-optio-doloribus-quibusdam-repudiandae-adipisci-eaque-itaque-temporibus-molestiae-eos-beatae-aut-ratione-modi-libero-iste-beatae-laborum-ab-quae-perspicia', 'Sint nisi aspernatur dolorem repellendus debitis, cum perferendis dolores hic facilis a, un'),
(487, '94717.0909090909', 'Facilis ipsum consequuntur molestias soluta architect', '2019-05-02 22:42:39.148702', '2019-05-02 22:42:39.148702', 'libero-aperiam-voluptatibus-quod-fuga', 'Veniam iusto rerum sequi qui optio laboriosam deleniti pariatur, ad incidunt saepe, qui'),
(488, '67793.0', 'Eligendi repellat dicta doloribus. Aut exercitationem veritatis nobis nih', '2019-05-02 22:42:39.148702', '2019-05-02 22:42:39.148702', 'quaerat-minus-atque-nemo-dolore-nesciunt-quos-corrupti-asperiores-adipisci-voluptatem-aliquid-di', 'Soluta maxime ut distinctio reiciendis nihil, consequatur dolore quos ad, a culpa distinctio, minima'),
(489, '73559.4545454546', 'Voluptate consequuntur repellat doloribus natus quibusdam quos cumque? Per', '2019-05-02 22:42:39.164328', '2019-05-02 22:42:39.164328', 'minus-sint-obcaecati-in-nostrum-accusantium-architecto-nulla-mollitia-illum-sapiente-qui', 'Suscipit mollitia voluptates rerum, facere eaque odit reiciendis, similique maiore'),
(490, '1951.90909090909', 'Totam nulla omnis minus, reprehenderit autem porro dignissimos aspernatur illum exerci', '2019-05-02 22:42:39.164328', '2019-05-02 22:42:39.164328', 'ipsum-aut-illum-voluptate-consequuntur-rerum-ex-voluptatum-doloremque-animi-corporis-omnis-earum', 'Necessitatibus ipsum distinctio voluptatibus id totam vel nemo adip'),
(491, '20634.2727272727', 'Vero atque voluptate distinctio fugiat necessitatibus odit providen', '2019-05-02 22:42:39.164328', '2019-05-02 22:42:39.164328', 'voluptas-sapiente-voluptatum-consectetur-quasi-un', 'Doloremque cons'),
(492, '71255.4545454545', 'Doloremque impedit atque recusandae nostrum inven', '2019-05-02 22:42:39.164328', '2019-05-02 22:42:39.164328', 'dicta-sed-asperiores-iste-officiis-aut-et-quod-aliquam-natus-vel-magni-exercitationem-error-accusantium-id-non-illo-necessitatibus-sequi-quasi-facere-officiis-aut-quo-quidem-doloribu', 'Beatae ipsam accusantium nam quia magni es'),
(493, '41623.6363636364', 'Dolorum quae sapiente nam vero, rem autem nam facilis neque? Praesentium veritatis', '2019-05-02 22:42:39.179955', '2019-05-02 22:42:39.179955', 'quam-id-natus-itaque-necessitatibus-magnam-consectetur-ab-saepe-dolore-possimus-placeat-minus-incidunt-architecto-cum-voluptatem-voluptatibus-se', 'Sint officiis porro in a'),
(494, '8634.36363636364', 'Aut esse cupiditate illum mollitia impedit. Reiciendi', '2019-05-02 22:42:39.179955', '2019-05-02 22:42:39.179955', 'dolore-facilis-minima-saepe-architecto-optio-doloribus-quibusdam-repudiandae-adipisci-eaque-itaque-temporibus-molestiae-eos-beatae-aut-ratione-modi-libero-iste-beatae-laborum-ab-quae-perspicia', 'Saepe dicta placea'),
(495, '7036.0', 'Alias fugiat itaque ipsum incidunt, deleniti accusamus sit. Molestiae saepe dele', '2019-05-02 22:42:39.179955', '2019-05-02 22:42:39.179955', 'officiis-mollitia-error-minus-temporibus-ipsa-dolore-corporis-cumque-it', 'Numquam odio vi'),
(496, '69740.8181818182', 'Soluta illum aspernatur, similique quo', '2019-05-02 22:42:39.179955', '2019-05-02 22:42:39.179955', 'officiis-nisi-quae-tempora-perferendis-obcaecati-rerum-ut-reprehenderit-repellat-saepe-sapiente-doloremque-quam-inventore-facere-es', 'Exercitationem consequatur voluptatem reprehe'),
(497, '79226.1818181818', 'Eveniet consequatur inventore repellendus distinctio', '2019-05-02 22:42:39.179955', '2019-05-02 22:42:39.179955', 'eos-sunt-quod-excepturi-ducimus', 'Cumque dolore maxime, culp'),
(498, '51377.1818181818', 'Sit aliquid minima soluta debitis ea excepturi deserunt quasi beatae, at similique', '2019-05-02 22:42:39.195578', '2019-05-02 22:42:39.195578', 'dolore-facilis-minima-saepe-architecto-optio-doloribus-quibusdam-repudiandae-adipisci-eaque-itaque-temporibus-molestiae-eos-beatae-aut-ratione-modi-libero-iste-beatae-laborum-ab-quae-perspicia', 'Rerum distinctio esse molestias aut ad reprehenderit quas repudiandae. Har'),
(499, '39221.0', 'Repudiandae consectetur minima rem obcaecati necessitatib', '2019-05-02 22:42:39.195578', '2019-05-02 22:42:39.195578', 'eum-minus-dicta-quam-dolores-vero-nesciunt-distinc', 'Accusantium nisi culpa magni qu'),
(500, '59257.0909090909', 'Sint nisi minus eligendi facilis inventore neque t', '2019-05-02 22:42:39.195578', '2019-05-02 22:42:39.195578', 'ipsum-aut-illum-voluptate-consequuntur-rerum-ex-voluptatum-doloremque-animi-corporis-omnis-earum', 'Excepturi quasi ipsa facere quae, iste a'),
(501, '2239.36363636364', 'Cum at autem mollitia reiciendis in aliquam hic? Expedita ha', '2019-05-02 22:42:39.195578', '2019-05-02 22:42:39.195578', 'ipsum-aut-illum-voluptate-consequuntur-rerum-ex-voluptatum-doloremque-animi-corporis-omnis-earum', 'Eligendi facere adipisci beatae accusantium ex cupiditate explicabo quis'),
(502, '72862.0909090909', 'Libero eaque laboriosam earum labore praesentium rerum veniam aut', '2019-05-02 22:42:39.195578', '2019-05-02 22:42:39.195578', 'voluptas-sapiente-voluptatum-consectetur-quasi-un', 'Deserunt iure nulla laudantium dolores, ab adipisci quisquam animi deser'),
(503, '34522.3636363636', 'A cupiditate nihil culpa,', '2019-05-02 22:42:39.195578', '2019-05-02 22:42:39.195578', 'laudantium-porro-accusamus', 'Sint nulla placeat consectetur illo nostrum fugit doloremque minus et,'),
(504, '44248.4545454545', 'Sunt iste eaque facilis numquam del', '2019-05-02 22:42:39.211218', '2019-05-02 22:42:39.211218', 'fuga-facere-enim-perferendis-est-possimus-cum-eveniet-expedita-ullam-provident-tenetur-sunt-autem-dolorum-aliquid-voluptates-debitis-tempore-delectus-eveniet-officia-modi-sed-ullam-earum-no', 'Quibusdam repudia'),
(505, '70904.0909090909', 'Neque autem quaerat cum voluptatum error adipisci', '2019-05-02 22:42:39.211218', '2019-05-02 22:42:39.211218', 'voluptas-sapiente-voluptatum-consectetur-quasi-un', 'Assumenda veritatis accusamus ipsum quibusdam dignissimos esse min'),
(506, '7818.0', 'Veniam expedita magni nam ipsam impedit eos doloremque, earum tempora quo nihil t', '2019-05-02 22:42:39.211218', '2019-05-02 22:42:39.211218', 'doloribus-quasi-cumque-eius-beatae-deserunt-officia-id-alias-iusto-hic-recusandae-saepe-fugit-architecto-ducimus-in-nesciunt-eligendi-fugiat-atque-nihil-reprehenderit-mollitia-quis-nulla-a', 'Blanditiis voluptate veritatis, tenetur enim blanditiis id asperiores ab ut d'),
(507, '31436.1818181818', 'Natus dolorum sin', '2019-05-02 22:42:39.211218', '2019-05-02 22:42:39.211218', 'laudantium-porro-accusamus', 'Saepe obcaecati maxime repellat aliquam dignissimos sunt nostrum. Praesentium optio eius asp'),
(508, '57145.6363636364', 'Pariatur laborum temporibus enim minus suscipit ducimus quo? Animi consequatur ullam necessitatibu', '2019-05-02 22:42:39.211218', '2019-05-02 22:42:39.211218', 'voluptatem-pariatur-quasi-sit-alias-illo-laborum-voluptatibus-facilis-dignissimos-voluptate-sequi-nihil-illo-culpa-nam-atque-omnis-eveniet-volupta', 'Labore modi earum totam natus maxime laboriosam in eos libero ipsa doloribus, voluptate iusto cu'),
(509, '10943.8181818182', 'Voluptatibus quis quidem atque quam architecto incidunt eligendi a deserunt, voluptate in', '2019-05-02 22:42:39.211218', '2019-05-02 22:42:39.211218', 'quam-id-natus-itaque-necessitatibus-magnam-consectetur-ab-saepe-dolore-possimus-placeat-minus-incidunt-architecto-cum-voluptatem-voluptatibus-se', 'Vero saepe perferendis consequuntur adipisci laborum iusto dolore offi'),
(510, '45517.7272727273', 'Ad consequuntur nesciunt explicabo doloremque aliq', '2019-05-02 22:42:39.226826', '2019-05-02 22:42:39.226826', 'voluptatem-pariatur-quasi-sit-alias-illo-laborum-voluptatibus-facilis-dignissimos-voluptate-sequi-nihil-illo-culpa-nam-atque-omnis-eveniet-volupta', 'Molestiae soluta optio temporibus v'),
(511, '63947.8181818182', 'Illo necessitatibus omnis? Laboriosam doloremq', '2019-05-02 22:42:39.226826', '2019-05-02 22:42:39.226826', 'fuga-facere-enim-perferendis-est-possimus-cum-eveniet-expedita-ullam-provident-tenetur-sunt-autem-dolorum-aliquid-voluptates-debitis-tempore-delectus-eveniet-officia-modi-sed-ullam-earum-no', 'Deserunt fugit a'),
(512, '55752.6363636364', 'Velit odio quidem esse at ducimus, ipsum ab totam odit doloribus dolore amet optio iusto beatae de', '2019-05-02 22:42:39.226826', '2019-05-02 22:42:39.226826', 'officiis-mollitia-error-minus-temporibus-ipsa-dolore-corporis-cumque-it', 'Vel ut non provident eius'),
(513, '1590.90909090909', 'Pariatur modi reiciendis optio explicabo ist', '2019-05-02 22:42:39.226826', '2019-05-02 22:42:39.226826', 'ratione-inventore-architecto-neque-autem-consequatur-qui-totam-sapiente-laborum-aspernatur-obcaecati-re', 'Eum atque qu'),
(514, '82789.4545454545', 'Deserunt explicabo quasi harum voluptate rem ducimus corporis maiores quide', '2019-05-02 22:42:39.226826', '2019-05-02 22:42:39.226826', 'ratione-inventore-architecto-neque-autem-consequatur-qui-totam-sapiente-laborum-aspernatur-obcaecati-re', 'Voluptatem est maiores debitis obcaecati animi minus doloribus tempora minim'),
(515, '16115.9090909091', 'Fuga pariatur aut magni architecto eos repudiandae vitae similique dolorum, est eius doloribus qui', '2019-05-02 22:42:39.226826', '2019-05-02 22:42:39.226826', 'quisquam-nostrum-incidunt-aperiam-tempore-dolorem-nulla-tempora-molestias-ipsam-labore-nisi-porro-soluta-ex-facere-rerum-commodi-maiores-enim-id-ob', 'Ad blanditiis ipsum, ne'),
(516, '28211.8181818182', 'Odit non libero pariatur, maxime', '2019-05-02 22:42:39.242453', '2019-05-02 22:42:39.242453', 'iusto-inventore-beatae-ad-consequatur-ea-molestiae-eaque-na', 'Optio nam nemo, inventore laboriosam nihil ratione s'),
(517, '38751.2727272727', 'Non voluptas at libero iusto numquam aut unde asper', '2019-05-02 22:42:39.242453', '2019-05-02 22:42:39.242453', 'ipsum-aut-illum-voluptate-consequuntur-rerum-ex-voluptatum-doloremque-animi-corporis-omnis-earum', 'Molestiae ad similique odio nobis earum, eveniet aut voluptas soluta odio eos exercitationem ut, te'),
(518, '35586.3636363636', 'Aliquam quod odio, aliquid possimus quis non blandit', '2019-05-02 22:42:39.242453', '2019-05-02 22:42:39.242453', 'laudantium-porro-accusamus', 'Earum cum libero commodi ipsum voluptates co'),
(519, '76076.0909090909', 'Unde est deserun', '2019-05-02 22:42:39.242453', '2019-05-02 22:42:39.242453', 'accusamus-officia-consequuntur-eveniet-fugit-maiores-iusto-eius-exercitationem-dolorum-omnis-sit-reprehenderit-eos-hic-quo-quaerat-saepe-nemo-consequuntur-numquam', 'Consequatur placeat debitis beatae reprehenderit modi offic'),
(520, '10243.3636363636', 'A libero delectus officia, exercitationem officia optio labore ab illum possimus laborum dolori', '2019-05-02 22:42:39.242453', '2019-05-02 22:42:39.242453', 'officiis-nisi-quae-tempora-perferendis-obcaecati-rerum-ut-reprehenderit-repellat-saepe-sapiente-doloremque-quam-inventore-facere-es', 'Aliquam nesciunt neque recusandae sequi quia magnam, cumque corporis su'),
(521, '13836.7272727273', 'Iure repudiandae dignissimos ratione assumen', '2019-05-02 22:42:39.242453', '2019-05-02 22:42:39.242453', 'quos-ab-tempore-molestias-modi-perspiciatis-commodi-mollitia-repellat-excepturi-commodi-maiores-ex-iste-magni-iure-debitis-exce', 'Quis fugiat dolorum consequuntur quidem re'),
(522, '98354.2727272727', 'Soluta repella', '2019-05-02 22:42:39.258094', '2019-05-02 22:42:39.258094', 'ipsum-aut-illum-voluptate-consequuntur-rerum-ex-voluptatum-doloremque-animi-corporis-omnis-earum', 'Expedita omnis at laborum veniam,'),
(523, '74562.2727272727', 'Cupiditate voluptas quas, consectetur ad similique voluptatum dolore quidem pro', '2019-05-02 22:42:39.258094', '2019-05-02 22:42:39.258094', 'doloribus-quasi-cumque-eius-beatae-deserunt-officia-id-alias-iusto-hic-recusandae-saepe-fugit-architecto-ducimus-in-nesciunt-eligendi-fugiat-atque-nihil-reprehenderit-mollitia-quis-nulla-a', 'Exercitatio'),
(524, '22274.4545454545', 'Accusamus voluptatibus mollitia, suscipit debitis quo distinctio', '2019-05-02 22:42:39.258094', '2019-05-02 22:42:39.258094', 'debitis-nihil-odio-explicabo-obcaecati-repellat-maxime-tenetur-commodi-quod-sed-magni-dolores-officia-ex-impedit-quod-qu', 'Eos assumenda culpa corrupti voluptates, cupiditate quod ipsa, dolor ratione soluta eos inv'),
(525, '8146.27272727273', 'Temporibus quod mollitia fugit minima expedita simil', '2019-05-02 22:42:39.258094', '2019-05-02 22:42:39.258094', 'ab-repudiandae-omnis-fugiat-tenetur-totam-fugiat-aliquid-consequatur-natus-laborum-quod-quos-praesentium-cumque-totam-iste-unde-ratione', 'Illo aliquam is'),
(526, '12050.0909090909', 'Eius distinctio', '2019-05-02 22:42:39.258094', '2019-05-02 22:42:39.258094', 'iusto-inventore-beatae-ad-consequatur-ea-molestiae-eaque-na', 'Beatae eaque suscipit aliquam atque dignissimo'),
(527, '74646.8181818182', 'Dolorum blanditiis animi tempore earum qui, eveniet iste repellat nulla nostrum commodi odit animi t', '2019-05-02 22:42:39.258094', '2019-05-02 22:42:39.258094', 'voluptas-sapiente-voluptatum-consectetur-quasi-un', 'Laudantium fugit iure id asperiores nam s'),
(528, '91952.7272727273', 'Aperiam deserunt est tempora pe', '2019-05-02 22:42:39.273703', '2019-05-02 22:42:39.273703', 'fuga-facere-enim-perferendis-est-possimus-cum-eveniet-expedita-ullam-provident-tenetur-sunt-autem-dolorum-aliquid-voluptates-debitis-tempore-delectus-eveniet-officia-modi-sed-ullam-earum-no', 'Perspiciatis id sapiente ullam voluptates voluptas repudiandae repellat rati'),
(529, '25343.0909090909', 'Necessitatibus magnam laboriosam? Facer', '2019-05-02 22:42:39.273703', '2019-05-02 22:42:39.273703', 'voluptatem-ratione-quo-possimus-maxime-odio-molestiae-asperiores-eius-eum-nulla-voluptas-explicabo-velit-dolorum-non-quibusdam-vitae-maxime-nesc', 'Ad nemo cumque reiciendis'),
(530, '19291.2727272727', 'Accusantium ea totam, molestiae quo at sed ducimus, alias sunt porro distinctio magni, vel mod', '2019-05-02 22:42:39.273703', '2019-05-02 22:42:39.273703', 'voluptatem-ratione-quo-possimus-maxime-odio-molestiae-asperiores-eius-eum-nulla-voluptas-explicabo-velit-dolorum-non-quibusdam-vitae-maxime-nesc', 'Rerum cupiditate error obcaecati dolor odit, voluptatem minu'),
(531, '92928.5454545455', 'Nostrum dicta laudantium rerum? Placeat laudantium ipsa itaque', '2019-05-02 22:42:39.273703', '2019-05-02 22:42:39.273703', 'voluptatem-pariatur-quasi-sit-alias-illo-laborum-voluptatibus-facilis-dignissimos-voluptate-sequi-nihil-illo-culpa-nam-atque-omnis-eveniet-volupta', 'Reiciendis voluptatem libero praesentium voluptate magnam facilis iusto dignissimos quis'),
(532, '36873.8181818182', 'Ex ad inventore ea sequi possimus libero nihil explicabo minus, m', '2019-05-02 22:42:39.273703', '2019-05-02 22:42:39.273703', 'voluptatem-pariatur-quasi-sit-alias-illo-laborum-voluptatibus-facilis-dignissimos-voluptate-sequi-nihil-illo-culpa-nam-atque-omnis-eveniet-volupta', 'Cum hic laborum aute'),
(533, '84856.8181818182', 'Porro molestiae dolorem praesentium, ab reprehenderi', '2019-05-02 22:42:39.273703', '2019-05-02 22:42:39.273703', 'minus-sint-obcaecati-in-nostrum-accusantium-architecto-nulla-mollitia-illum-sapiente-qui', 'Qui optio sapiente? Consequun'),
(534, '93619.7272727273', 'Rerum ex animi recusandae deleniti sit vitae, architecto eos eum ea autem rerum quia, repellendus', '2019-05-02 22:42:39.289328', '2019-05-02 22:42:39.289328', 'quam-id-natus-itaque-necessitatibus-magnam-consectetur-ab-saepe-dolore-possimus-placeat-minus-incidunt-architecto-cum-voluptatem-voluptatibus-se', 'Dolor pariatur dolore consequatur iste repellat asperiores? Voluptates nam distinctio f'),
(535, '60443.8181818182', 'Ullam temporibus alias,', '2019-05-02 22:42:39.289328', '2019-05-02 22:42:39.289328', 'eum-minus-dicta-quam-dolores-vero-nesciunt-distinc', 'Laudantium cumque quam error illo sit qui dolores fuga perferendis, perspiciatis voluptates nisi'),
(536, '63619.5454545455', 'Dolor eos molestiae repellat rem quo, culpa di', '2019-05-02 22:42:39.289328', '2019-05-02 22:42:39.289328', 'officiis-nisi-quae-tempora-perferendis-obcaecati-rerum-ut-reprehenderit-repellat-saepe-sapiente-doloremque-quam-inventore-facere-es', 'Ducimus molestiae cumque dolor ullam reiciendis fuga earum laudantium expedita, volu'),
(537, '1934.27272727273', 'Iure voluptatem saepe officiis tempora facere perspic', '2019-05-02 22:42:39.289328', '2019-05-02 22:42:39.289328', 'eum-minus-dicta-quam-dolores-vero-nesciunt-distinc', 'Rem ipsa fugit iure, ipsa voluptates magnam cum'),
(538, '89074.8181818182', 'Cum ad rem voluptas adipisci doloribus et', '2019-05-02 22:42:39.289328', '2019-05-02 22:42:39.289328', 'libero-aperiam-voluptatibus-quod-fuga', 'Error vero'),
(539, '39940.9090909091', 'Magni explicabo ea ut in, recusandae', '2019-05-02 22:42:39.289328', '2019-05-02 22:42:39.289328', 'iusto-inventore-beatae-ad-consequatur-ea-molestiae-eaque-na', 'Esse velit sapiente maxime alias id corporis, r'),
(540, '88473.1818181818', 'Iure incidunt nulla voluptates pariatur', '2019-05-02 22:42:39.289328', '2019-05-02 22:42:39.289328', 'pariatur-ex-in-sequi-explicabo-ratione-consequatur-culpa-enim-vel-laudant', 'Minima incidunt eveniet sit reiciendis hic quas voluptatibus. Debitis cumque labore'),
(541, '63743.6363636364', 'Optio similique assumenda, impedit itaque', '2019-05-02 22:42:39.304953', '2019-05-02 22:42:39.304953', 'libero-aperiam-voluptatibus-quod-fuga', 'Placeat velit possimus dolor alias aut perferendis delectus exercitationem mollitia, vit'),
(542, '36927.8181818182', 'Labore inventore corrupti harum ut voluptates aut neque veritatis nostrum te', '2019-05-02 22:42:39.304953', '2019-05-02 22:42:39.304953', 'voluptatem-ratione-quo-possimus-maxime-odio-molestiae-asperiores-eius-eum-nulla-voluptas-explicabo-velit-dolorum-non-quibusdam-vitae-maxime-nesc', 'Magnam molestiae unde necessitatibus dolorem'),
(543, '54564.3636363636', 'Modi sint adipisci iusto vitae voluptatem officia minima natus animi, recusandae quia laborum', '2019-05-02 22:42:39.304953', '2019-05-02 22:42:39.304953', 'dolore-facilis-minima-saepe-architecto-optio-doloribus-quibusdam-repudiandae-adipisci-eaque-itaque-temporibus-molestiae-eos-beatae-aut-ratione-modi-libero-iste-beatae-laborum-ab-quae-perspicia', 'Earum necessitatibus culpa sint deserunt sunt ipsum odio. Modi molestias tempore ipsam animi reici'),
(544, '4720.27272727273', 'Labore ipsa libero qui quidem, tenetur dist', '2019-05-02 22:42:39.304953', '2019-05-02 22:42:39.304953', 'laudantium-porro-accusamus', 'Debitis maxime id at consectetur non porro nam, minus sunt assumenda susc'),
(545, '26932.6363636364', 'Deserunt veritatis', '2019-05-02 22:42:39.304953', '2019-05-02 22:42:39.304953', 'laudantium-porro-accusamus', 'Aspernatur libero eveniet maiores dolores eum inventore h'),
(546, '36332.5454545455', 'At a dolorem error magnam, veritatis iste quam ex molestias tenetur, veri', '2019-05-02 22:42:39.320595', '2019-05-02 22:42:39.320595', 'quos-ab-tempore-molestias-modi-perspiciatis-commodi-mollitia-repellat-excepturi-commodi-maiores-ex-iste-magni-iure-debitis-exce', 'Necessitatibus ad officia blanditiis ea num'),
(547, '93205.0', 'Atque assumenda amet, ut iusto vero amet error consectetur laborum maxime a nesciunt nihil, quas mi', '2019-05-02 22:42:39.320595', '2019-05-02 22:42:39.320595', 'eos-sunt-quod-excepturi-ducimus', 'Architecto quos voluptates be'),
(548, '64725.9090909091', 'Ipsa laudantium voluptatibus ipsum ratione repudiandae repellendus sit ali', '2019-05-02 22:42:39.320595', '2019-05-02 22:42:39.320595', 'minus-sint-obcaecati-in-nostrum-accusantium-architecto-nulla-mollitia-illum-sapiente-qui', 'Doloribus soluta nam labore repellat est nisi ipsam'),
(549, '88272.0909090909', 'Similique aliquid quisquam doloribus, ipsum dolore quidem co', '2019-05-02 22:42:39.320595', '2019-05-02 22:42:39.320595', 'officiis-nisi-quae-tempora-perferendis-obcaecati-rerum-ut-reprehenderit-repellat-saepe-sapiente-doloremque-quam-inventore-facere-es', 'Maxime numquam explicabo dolores? Dolores deserunt officia qui quasi, obcaecati dolore'),
(550, '55924.3636363636', 'Optio porro perferendis eum dolores at tempora? Qu', '2019-05-02 22:42:39.320595', '2019-05-02 22:42:39.320595', 'accusamus-officia-consequuntur-eveniet-fugit-maiores-iusto-eius-exercitationem-dolorum-omnis-sit-reprehenderit-eos-hic-quo-quaerat-saepe-nemo-consequuntur-numquam', 'Mollitia assumenda quod perferendis, minima maxime tenetur'),
(551, '24227.1818181818', 'Asperiores magnam harum quisquam v', '2019-05-02 22:42:39.320595', '2019-05-02 22:42:39.320595', 'ab-repudiandae-omnis-fugiat-tenetur-totam-fugiat-aliquid-consequatur-natus-laborum-quod-quos-praesentium-cumque-totam-iste-unde-ratione', 'Eligendi eos veritatis maiores deleniti corporis inventore'),
(552, '9627.36363636364', 'Mollitia consequuntur perspiciatis at velit, cupiditate optio quisquam inventore tempora', '2019-05-02 22:42:39.320595', '2019-05-02 22:42:39.320595', 'voluptatem-pariatur-quasi-sit-alias-illo-laborum-voluptatibus-facilis-dignissimos-voluptate-sequi-nihil-illo-culpa-nam-atque-omnis-eveniet-volupta', 'Pariatur ullam a of'),
(553, '8450.72727272727', 'Omnis incidunt commodi animi nesciunt tempore ill', '2019-05-02 22:42:39.336203', '2019-05-02 22:42:39.336203', 'iusto-inventore-beatae-ad-consequatur-ea-molestiae-eaque-na', 'Placeat doloremque faci'),
(554, '22953.9090909091', 'Est magnam eius corporis animi repellat qui placeat, cum quod ab quis', '2019-05-02 22:42:39.336203', '2019-05-02 22:42:39.336203', 'fuga-facere-enim-perferendis-est-possimus-cum-eveniet-expedita-ullam-provident-tenetur-sunt-autem-dolorum-aliquid-voluptates-debitis-tempore-delectus-eveniet-officia-modi-sed-ullam-earum-no', 'Aperiam magnam nemo iusto quo facilis laudant'),
(555, '63151.3636363636', 'Ea officia nisi ad quam doloribus aspernatur voluptas, quo necessitatibus te', '2019-05-02 22:42:39.336203', '2019-05-02 22:42:39.336203', 'ad-sapiente-nesciunt-quas-tempor', 'Doloremque amet labore et, enim adipisci harum molestiae ali'),
(556, '74365.8181818182', 'Rerum vel nemo ducimus cupiditate quibusdam nobis dignissimos solut', '2019-05-02 22:42:39.336203', '2019-05-02 22:42:39.336203', 'iusto-inventore-beatae-ad-consequatur-ea-molestiae-eaque-na', 'Modi cumque quaerat ab omnis tempore, dolor explicabo officiis eos ex'),
(557, '99506.2727272727', 'Et accusantium quam fugit odit tempore rem earum, dolores asperiores no', '2019-05-02 22:42:39.336203', '2019-05-02 22:42:39.336203', 'pariatur-ex-in-sequi-explicabo-ratione-consequatur-culpa-enim-vel-laudant', 'Suscipit nam commodi vitae quaerat quia dolor voluptate prov'),
(558, '72758.4545454545', 'Molestias fugit id facere quae iusto, nostrum omnis temporibus quo nam inventore corrupti iste fugi', '2019-05-02 22:42:39.351828', '2019-05-02 22:42:39.351828', 'eos-sunt-quod-excepturi-ducimus', 'Reiciendis dignissimos pariatur exercitationem ni'),
(559, '35901.8181818182', 'Eveniet deserunt officiis nesciunt iure c', '2019-05-02 22:42:39.351828', '2019-05-02 22:42:39.351828', 'pariatur-ex-in-sequi-explicabo-ratione-consequatur-culpa-enim-vel-laudant', 'Alias maxime porro obcaecati commodi natus excepturi blanditiis velit delectus, doloremq'),
(560, '41384.2727272727', 'Consequuntur deleniti suscipit exercitationem itaque in non fugit tenetur, v', '2019-05-02 22:42:39.351828', '2019-05-02 22:42:39.351828', 'debitis-nihil-odio-explicabo-obcaecati-repellat-maxime-tenetur-commodi-quod-sed-magni-dolores-officia-ex-impedit-quod-qu', 'Eius repellat expedita illum non rerum molestiae i'),
(561, '85533.8181818182', 'Cupiditate consectetur soluta quod accusantium in architecto itaque e', '2019-05-02 22:42:39.351828', '2019-05-02 22:42:39.351828', 'officiis-nisi-quae-tempora-perferendis-obcaecati-rerum-ut-reprehenderit-repellat-saepe-sapiente-doloremque-quam-inventore-facere-es', 'Magni corrupti accusantium do'),
(562, '21710.8181818182', 'Harum similique deleniti doloribus numquam aspernatur saepe ipsam, exercitationem', '2019-05-02 22:42:39.351828', '2019-05-02 22:42:39.351828', 'voluptatem-ratione-quo-possimus-maxime-odio-molestiae-asperiores-eius-eum-nulla-voluptas-explicabo-velit-dolorum-non-quibusdam-vitae-maxime-nesc', 'Tempore dolor commodi quasi. Nihil blandi'),
(563, '18915.5454545455', 'Sit eos soluta provident ratione rerum porro commodi hic, exercitatione', '2019-05-02 22:42:39.351828', '2019-05-02 22:42:39.351828', 'ratione-inventore-architecto-neque-autem-consequatur-qui-totam-sapiente-laborum-aspernatur-obcaecati-re', 'Velit ullam esse illum porro quaerat, quas rerum suscipit doloremque saepe illum modi in, deleniti'),
(564, '64739.0909090909', 'At quas vitae assumenda odit laboriosam sapiente aliquam. Beatae magni consequuntur ut', '2019-05-02 22:42:39.367454', '2019-05-02 22:42:39.367454', 'iusto-inventore-beatae-ad-consequatur-ea-molestiae-eaque-na', 'Perferendis aut'),
(565, '53031.0', 'Adipisci inventore alias harum laboriosam quam aspernatur error vel quis odit nulla? Cumque am', '2019-05-02 22:42:39.367454', '2019-05-02 22:42:39.367454', 'doloribus-quasi-cumque-eius-beatae-deserunt-officia-id-alias-iusto-hic-recusandae-saepe-fugit-architecto-ducimus-in-nesciunt-eligendi-fugiat-atque-nihil-reprehenderit-mollitia-quis-nulla-a', 'Quia ipsa'),
(566, '5101.81818181818', 'Magni esse quam minima quas non archite', '2019-05-02 22:42:39.367454', '2019-05-02 22:42:39.367454', 'quam-exercitationem-odio-facilis-velit-saepe-pari', 'Esse accusamus ea ad, repudiandae obcaecati sed ipsum ipsa soluta tempore, tempora minus'),
(567, '15838.9090909091', 'Facere cumque quas natus ipsum deleniti odit quo', '2019-05-02 22:42:39.367454', '2019-05-02 22:42:39.367454', 'pariatur-ex-in-sequi-explicabo-ratione-consequatur-culpa-enim-vel-laudant', 'Rerum unde debitis optio modi, optio ipsa ad'),
(568, '69608.2727272727', 'Commodi iure laboriosam eaque. D', '2019-05-02 22:42:39.367454', '2019-05-02 22:42:39.367454', 'minus-sint-obcaecati-in-nostrum-accusantium-architecto-nulla-mollitia-illum-sapiente-qui', 'Quis quas laboriosam possimus harum vo'),
(569, '54730.0909090909', 'Nihil repudiandae qui', '2019-05-02 22:42:39.367454', '2019-05-02 22:42:39.367454', 'quam-id-natus-itaque-necessitatibus-magnam-consectetur-ab-saepe-dolore-possimus-placeat-minus-incidunt-architecto-cum-voluptatem-voluptatibus-se', 'Dolores nulla aliquid, commodi ipsa nam, perferendis sapiente minima accusamus unde placeat,'),
(570, '96172.2727272727', 'Sint ullam blanditiis itaque ducimus dolorum delectus quod', '2019-05-02 22:42:39.383099', '2019-05-02 22:42:39.383099', 'natus-excepturi-harum-consectetur-quaerat-omnis-optio-reiciendis-temporibus-dignissi', 'Tempore qui deserunt ducimus omnis ex in voluptas earum minima maxime pariatu'),
(571, '52036.3636363636', 'Numquam totam modi, nemo ipsa reiciendis. Obcaecati', '2019-05-02 22:42:39.383099', '2019-05-02 22:42:39.383099', 'accusamus-facilis-magnam-officiis-error-enim-impe', 'Fugiat eaque esse itaque voluptatem hic placeat earum, praesentium nam quas'),
(572, '89818.4545454545', 'Optio soluta assumenda illum placeat, a aperiam nesciunt possimus quaerat modi aspernatur', '2019-05-02 22:42:39.383099', '2019-05-02 22:42:39.383099', 'quisquam-nostrum-incidunt-aperiam-tempore-dolorem-nulla-tempora-molestias-ipsam-labore-nisi-porro-soluta-ex-facere-rerum-commodi-maiores-enim-id-ob', 'Asperiores fugiat esse eve'),
(573, '53100.0', 'Impedit nobis non incidunt volupt', '2019-05-02 22:42:39.383099', '2019-05-02 22:42:39.383099', 'doloribus-quasi-cumque-eius-beatae-deserunt-officia-id-alias-iusto-hic-recusandae-saepe-fugit-architecto-ducimus-in-nesciunt-eligendi-fugiat-atque-nihil-reprehenderit-mollitia-quis-nulla-a', 'Voluptatum n'),
(574, '9908.54545454545', 'Beatae incidunt accusantium quam rat', '2019-05-02 22:42:39.383099', '2019-05-02 22:42:39.383099', 'debitis-nihil-odio-explicabo-obcaecati-repellat-maxime-tenetur-commodi-quod-sed-magni-dolores-officia-ex-impedit-quod-qu', 'Quas dolorum provident, ex provident nulla. Dolorem eveniet t'),
(575, '35371.0', 'Eos repellat ducimus error sapiente facilis, nostrum', '2019-05-02 22:42:39.383099', '2019-05-02 22:42:39.383099', 'pariatur-ex-ipsa-consectetur-et-beatae-impedit-cumque-quo-voluptate-quod-reprehenderit-iure', 'Velit modi reprehenderit eius unde, omnis eos eaque in architecto necessitatibus cul'),
(576, '18903.0', 'Doloribus quod', '2019-05-02 22:42:39.383099', '2019-05-02 22:42:39.383099', 'dolore-facilis-minima-saepe-architecto-optio-doloribus-quibusdam-repudiandae-adipisci-eaque-itaque-temporibus-molestiae-eos-beatae-aut-ratione-modi-libero-iste-beatae-laborum-ab-quae-perspicia', 'Corrupti saepe ex possimus excepturi, quam dolorem consequatur id nam qui atque itaque cu'),
(577, '17221.0', 'Accusantium consequatur odio unde placeat numquam, debitis perspiciatis deserunt tempor', '2019-05-02 22:42:39.398704', '2019-05-02 22:42:39.398704', 'iusto-inventore-beatae-ad-consequatur-ea-molestiae-eaque-na', 'Ratione nisi cor'),
(578, '96878.6363636364', 'Accusantium veniam eveniet minima sunt c', '2019-05-02 22:42:39.398704', '2019-05-02 22:42:39.398704', 'ad-sapiente-nesciunt-quas-tempor', 'Maxime optio sit veritat'),
(579, '57340.0', 'Sequi voluptate a pro', '2019-05-02 22:42:39.398704', '2019-05-02 22:42:39.398704', 'eos-sunt-quod-excepturi-ducimus', 'Doloremque'),
(580, '70911.1818181818', 'Nam unde dolo', '2019-05-02 22:42:39.398704', '2019-05-02 22:42:39.398704', 'natus-excepturi-harum-consectetur-quaerat-omnis-optio-reiciendis-temporibus-dignissi', 'Exercitationem itaque eveniet nulla, unde atque veniam'),
(581, '22693.0909090909', 'Fuga possim', '2019-05-02 22:42:39.414346', '2019-05-02 22:42:39.414346', 'ratione-inventore-architecto-neque-autem-consequatur-qui-totam-sapiente-laborum-aspernatur-obcaecati-re', 'Pariatur illo alias natus unde sint eos, voluptatem officia et qui cum velit aliquam? Fac'),
(582, '7470.81818181818', 'Excepturi autem a corporis accusantium itaque necessitatibus, debitis mi', '2019-05-02 22:42:39.414346', '2019-05-02 22:42:39.414346', 'fuga-facere-enim-perferendis-est-possimus-cum-eveniet-expedita-ullam-provident-tenetur-sunt-autem-dolorum-aliquid-voluptates-debitis-tempore-delectus-eveniet-officia-modi-sed-ullam-earum-no', 'Libero provident eligendi debitis perspiciatis sed praesentium p'),
(583, '72934.4545454546', 'Cumque libero adipisci odio distinctio sunt est. Vel distinctio magnam numquam consequ', '2019-05-02 22:42:39.414346', '2019-05-02 22:42:39.414346', 'minus-sint-obcaecati-in-nostrum-accusantium-architecto-nulla-mollitia-illum-sapiente-qui', 'Ipsa mollitia esse voluptate repellendus quas atque qui ipsum maxime'),
(584, '32035.2727272727', 'Maiores consequuntur debitis recusandae facilis ex soluta quo. Dicta soluta aperiam laborios', '2019-05-02 22:42:39.414346', '2019-05-02 22:42:39.414346', 'laudantium-porro-accusamus', 'Nam ducimus sed impedit fuga, molest'),
(585, '60076.0909090909', 'Qui labore expedita quod nobis in autem voluptas culpa, impedit', '2019-05-02 22:42:39.414346', '2019-05-02 22:42:39.414346', 'quaerat-minus-atque-nemo-dolore-nesciunt-quos-corrupti-asperiores-adipisci-voluptatem-aliquid-di', 'Quod asperiores odit molestiae, nam pariatur id quia opti'),
(586, '61539.9090909091', 'Cupiditate libero esse sapiente cum ac', '2019-05-02 22:42:39.414346', '2019-05-02 22:42:39.414346', 'dolore-facilis-minima-saepe-architecto-optio-doloribus-quibusdam-repudiandae-adipisci-eaque-itaque-temporibus-molestiae-eos-beatae-aut-ratione-modi-libero-iste-beatae-laborum-ab-quae-perspicia', 'Nostrum harum velit ad quis mi'),
(587, '64940.0909090909', 'Vero rerum incidunt rem harum facilis, impedit consequatur debitis eos eligendi maiores', '2019-05-02 22:42:39.414346', '2019-05-02 22:42:39.414346', 'quaerat-minus-atque-nemo-dolore-nesciunt-quos-corrupti-asperiores-adipisci-voluptatem-aliquid-di', 'Nemo quibusdam praesentium veritatis'),
(588, '16171.9090909091', 'Architecto officiis beatae velit ea voluptatum', '2019-05-02 22:42:39.429955', '2019-05-02 22:42:39.429955', 'ab-repudiandae-omnis-fugiat-tenetur-totam-fugiat-aliquid-consequatur-natus-laborum-quod-quos-praesentium-cumque-totam-iste-unde-ratione', 'Voluptatem nisi offi'),
(589, '64644.9090909091', 'Ab hic sapiente ea cumque necessitatibus soluta assumenda dol', '2019-05-02 22:42:39.429955', '2019-05-02 22:42:39.429955', 'accusamus-officia-consequuntur-eveniet-fugit-maiores-iusto-eius-exercitationem-dolorum-omnis-sit-reprehenderit-eos-hic-quo-quaerat-saepe-nemo-consequuntur-numquam', 'Neque esse ut temporibus, eos nemo id, quam sequi aliquid in, ut e'),
(590, '29077.4545454545', 'Veniam quo commodi numquam tempore cumque, o', '2019-05-02 22:42:39.429955', '2019-05-02 22:42:39.429955', 'ratione-inventore-architecto-neque-autem-consequatur-qui-totam-sapiente-laborum-aspernatur-obcaecati-re', 'Dolores quisquam alias labore omn'),
(591, '41560.8181818182', 'Iusto ipsam f', '2019-05-02 22:42:39.429955', '2019-05-02 22:42:39.429955', 'quaerat-minus-atque-nemo-dolore-nesciunt-quos-corrupti-asperiores-adipisci-voluptatem-aliquid-di', 'Eos soluta tenetur praesentium quam maiores ut, nostrum harum illum cons'),
(592, '8448.36363636364', 'Inventore maiores fugiat amet reiciendis consectetur. Nulla tenetur consectetur tempore', '2019-05-02 22:42:39.429955', '2019-05-02 22:42:39.429955', 'doloribus-quasi-cumque-eius-beatae-deserunt-officia-id-alias-iusto-hic-recusandae-saepe-fugit-architecto-ducimus-in-nesciunt-eligendi-fugiat-atque-nihil-reprehenderit-mollitia-quis-nulla-a', 'Aliquam dolor ullam corrupti labore, sunt accusamus animi error eveniet amet numquam? Conse'),
(593, '33236.7272727273', 'Incidunt dolorum co', '2019-05-02 22:42:39.429955', '2019-05-02 22:42:39.429955', 'fuga-facere-enim-perferendis-est-possimus-cum-eveniet-expedita-ullam-provident-tenetur-sunt-autem-dolorum-aliquid-voluptates-debitis-tempore-delectus-eveniet-officia-modi-sed-ullam-earum-no', 'Debitis eaque dolore dicta'),
(594, '39543.7272727273', 'Sint nesciunt neque excepturi, beatae ipsa velit nesciunt labore accusantium ullam quam doloremqu', '2019-05-02 22:42:39.445579', '2019-05-02 22:42:39.445579', 'dicta-sed-asperiores-iste-officiis-aut-et-quod-aliquam-natus-vel-magni-exercitationem-error-accusantium-id-non-illo-necessitatibus-sequi-quasi-facere-officiis-aut-quo-quidem-doloribu', 'Molestiae vo'),
(595, '96609.0', 'Molestias dolore temporibus dolores ipsa cupiditate qui, vero fugit possimus? Placeat dolor', '2019-05-02 22:42:39.445579', '2019-05-02 22:42:39.445579', 'officiis-mollitia-error-minus-temporibus-ipsa-dolore-corporis-cumque-it', 'Dolorum exped'),
(596, '96872.5454545455', 'Nemo nihil error tempora perferendi', '2019-05-02 22:42:39.445579', '2019-05-02 22:42:39.445579', 'dolore-facilis-minima-saepe-architecto-optio-doloribus-quibusdam-repudiandae-adipisci-eaque-itaque-temporibus-molestiae-eos-beatae-aut-ratione-modi-libero-iste-beatae-laborum-ab-quae-perspicia', 'Aut possimus ex debitis, minus fuga aspernatur? Dolor ex doloremque nam. Veritatis cupid'),
(597, '63370.9090909091', 'Sapiente rerum fugit quaerat, temporibus est dicta earum ab fugit dolor tempore, ut praesentiu', '2019-05-02 22:42:39.445579', '2019-05-02 22:42:39.445579', 'accusamus-officia-consequuntur-eveniet-fugit-maiores-iusto-eius-exercitationem-dolorum-omnis-sit-reprehenderit-eos-hic-quo-quaerat-saepe-nemo-consequuntur-numquam', 'Cupiditate voluptates molestias mollitia rerum iste in vel sapiente quia?'),
(598, '97246.5454545455', 'Alias praesentium beatae ab excep', '2019-05-02 22:42:39.445579', '2019-05-02 22:42:39.445579', 'quos-ab-tempore-molestias-modi-perspiciatis-commodi-mollitia-repellat-excepturi-commodi-maiores-ex-iste-magni-iure-debitis-exce', 'Eveniet accusamus neque suscipit inventore at eum modi? Ducimus tenetur ea tempora placeat, nam'),
(599, '97502.2727272727', 'Sunt vel maiores consequatur? Tenetur porro nat', '2019-05-02 22:42:39.445579', '2019-05-02 22:42:39.445579', 'iusto-inventore-beatae-ad-consequatur-ea-molestiae-eaque-na', 'Repellat tenetur odit ipsam provident mollitia laborio'),
(600, '71190.1818181818', 'Voluptatum quae beatae? Veritatis ex sunt facilis officia nostrum', '2019-05-02 22:42:39.461222', '2019-05-02 22:42:39.461222', 'fuga-facere-enim-perferendis-est-possimus-cum-eveniet-expedita-ullam-provident-tenetur-sunt-autem-dolorum-aliquid-voluptates-debitis-tempore-delectus-eveniet-officia-modi-sed-ullam-earum-no', 'Nam veritatis iste rem ut optio del'),
(601, '33905.6363636364', 'Odio ea exercitationem eius sed blanditiis ut totam quam in perferendis similique, ex impedit as', '2019-05-02 22:42:39.461222', '2019-05-02 22:42:39.461222', 'quisquam-nostrum-incidunt-aperiam-tempore-dolorem-nulla-tempora-molestias-ipsam-labore-nisi-porro-soluta-ex-facere-rerum-commodi-maiores-enim-id-ob', 'Sequi dolor iure atque reiciendis quae repellat quasi pariatur repellendus. Natus'),
(602, '74336.1818181818', 'Suscipit dolore reprehenderit inventore sequi recusandae totam eum adipi', '2019-05-02 22:42:39.461222', '2019-05-02 22:42:39.461222', 'ratione-inventore-architecto-neque-autem-consequatur-qui-totam-sapiente-laborum-aspernatur-obcaecati-re', 'Sit magnam nam illum nemo vel veniam molestiae'),
(603, '28838.0', 'Perspiciatis soluta a quos saepe', '2019-05-02 22:42:39.461222', '2019-05-02 22:42:39.461222', 'dicta-sed-asperiores-iste-officiis-aut-et-quod-aliquam-natus-vel-magni-exercitationem-error-accusantium-id-non-illo-necessitatibus-sequi-quasi-facere-officiis-aut-quo-quidem-doloribu', 'Corporis cupiditate tempora quam, doloribus reprehenderit nobis voluptatum i');

INSERT INTO "django_admin_log" ("id", "action_time", "object_id", "object_repr", "change_message", "content_type_id", "user_id", "action_flag") VALUES
(1, '2019-04-19 19:30:59.560466', '1', 'Programming', '[{"added": {}}]', 7, 1, '1'),
(2, '2019-04-19 19:31:18.526451', '2', 'Android Development', '[{"added": {}}]', 7, 1, '1'),
(3, '2019-04-19 19:34:32.693414', '1', 'Become an Android Application Developer', '[{"added": {}}]', 8, 1, '1'),
(4, '2019-04-20 05:26:35.699953', '3', 'Django', '[{"added": {}}]', 7, 1, '1'),
(5, '2019-04-20 05:28:20.818783', 'django-developer', 'Django Developer', '[{"added": {}}]', 8, 1, '1'),
(6, '2019-04-20 16:44:17.979468', '1', 'Make a Tic Tac Toe', '[{"added": {}}]', 9, 1, '1'),
(7, '2019-04-20 16:44:58.212559', '2', 'Learn Class Based View', '[{"added": {}}]', 9, 1, '1'),
(8, '2019-04-20 17:06:11.134670', '3', 'Django custom filter', '[{"added": {}}]', 9, 1, '1'),
(9, '2019-05-02 22:35:51.932495', 'vero-officia-eligendi-explicabo-officiis-at-vero-nisi-non-dicta-ab-repudiandae-dicta-commodi-rerum-deleniti-modi-molestiae-omnis-quo-harum-consequatur-quae-enim-illum-quis-delectus-beata', 'Vero officia eligendi explicabo officiis at. Vero nisi non dicta ab repudiandae, dicta commodi rerum deleniti modi molestiae omnis quo harum consequatur quae enim, illum quis delectus beata', '[{"changed": {"fields": ["short_description", "description", "price"]}}]', 8, 1, '2'),
(10, '2022-01-04 15:20:43.977962', 'voluptatem-ratione-quo-possimus-maxime-odio-molestiae-asperiores-eius-eum-nulla-voluptas-explicabo-velit-dolorum-non-quibusdam-vitae-maxime-nesc', 'Voluptatem ratione quo possimus maxime odio molestiae, asperiores eius eum nulla voluptas explicabo velit, dolorum non quibusdam vitae maxime. Nesc', '[{"changed": {"fields": ["Short description", "Description"]}}]', 8, 1, '2'),
(11, '2022-01-04 15:22:44.200340', 'voluptatem-pariatur-quasi-sit-alias-illo-laborum-voluptatibus-facilis-dignissimos-voluptate-sequi-nihil-illo-culpa-nam-atque-omnis-eveniet-volupta', 'Voluptatem pariatur quasi sit alias? Illo laborum voluptatibus facilis dignissimos voluptate, sequi nihil illo culpa nam atque omnis eveniet. Volupta', '[{"changed": {"fields": ["Short description", "Description"]}}]', 8, 1, '2'),
(12, '2022-01-04 15:22:56.194134', 'voluptatem-ratione-quo-possimus-maxime-odio-molestiae-asperiores-eius-eum-nulla-voluptas-explicabo-velit-dolorum-non-quibusdam-vitae-maxime-nesc', 'Voluptatem ratione quo possimus maxime odio molestiae, asperiores eius eum nulla voluptas explicabo velit, dolorum non quibusdam vitae maxime. Nesc', '[{"changed": {"fields": ["Short description"]}}]', 8, 1, '2'),
(13, '2022-01-04 15:23:06.262494', 'voluptatem-ratione-quo-possimus-maxime-odio-molestiae-asperiores-eius-eum-nulla-voluptas-explicabo-velit-dolorum-non-quibusdam-vitae-maxime-nesc', 'Voluptatem ratione quo possimus maxime odio molestiae, asperiores eius eum nulla voluptas explicabo velit, dolorum non quibusdam vitae maxime. Nesc', '[{"changed": {"fields": ["Thumbnail"]}}]', 8, 1, '2'),
(14, '2022-01-04 15:23:18.789844', 'course-1', 'Course 1', '[{"changed": {"fields": ["Title"]}}]', 8, 1, '2'),
(15, '2022-01-04 15:23:33.363291', 'course-2', 'Course 2', '[{"changed": {"fields": ["Title"]}}]', 8, 1, '2'),
(16, '2022-01-04 15:23:47.772602', 'course-3', 'Course 3', '[{"changed": {"fields": ["Title"]}}]', 8, 1, '2'),
(17, '2022-01-04 15:23:59.299537', 'course-4', 'Course 4', '[{"changed": {"fields": ["Title"]}}]', 8, 1, '2'),
(18, '2022-01-04 15:24:10.835587', 'course-5', 'Course 5', '[{"changed": {"fields": ["Title", "Short description", "Description"]}}]', 8, 1, '2'),
(19, '2022-01-04 15:24:22.513499', 'course-6', 'Course 6', '[{"changed": {"fields": ["Title", "Short description", "Description"]}}]', 8, 1, '2'),
(20, '2022-01-04 15:24:34.679157', 'course-7', 'Course 7', '[{"changed": {"fields": ["Title", "Short description", "Description"]}}]', 8, 1, '2'),
(21, '2022-01-04 15:24:46.623605', 'course-8', 'Course 8', '[{"changed": {"fields": ["Title", "Short description", "Description"]}}]', 8, 1, '2'),
(22, '2022-01-04 15:26:01.694578', 'course-9', 'Course 9', '[{"changed": {"fields": ["Title"]}}]', 8, 1, '2'),
(23, '2022-01-04 15:26:15.570237', 'course-10', 'Course 10', '[{"changed": {"fields": ["Title", "Short description", "Description"]}}]', 8, 1, '2'),
(24, '2022-01-04 15:26:55.913795', 'voluptatem-ratione-quo-possimus-maxime-odio-molestiae-asperiores-eius-eum-nulla-voluptas-explicabo-velit-dolorum-non-quibusdam-vitae-maxime-nesc', 'Voluptatem ratione quo possimus maxime odio molestiae, asperiores eius eum nulla voluptas explicabo velit, dolorum non quibusdam vitae maxime. Nesc', '', 8, 1, '3'),
(25, '2022-01-04 15:26:55.929954', 'voluptatem-pariatur-quasi-sit-alias-illo-laborum-voluptatibus-facilis-dignissimos-voluptate-sequi-nihil-illo-culpa-nam-atque-omnis-eveniet-volupta', 'Voluptatem pariatur quasi sit alias? Illo laborum voluptatibus facilis dignissimos voluptate, sequi nihil illo culpa nam atque omnis eveniet. Volupta', '', 8, 1, '3'),
(26, '2022-01-04 15:26:55.936472', 'voluptas-sapiente-voluptatum-consectetur-quasi-un', 'Voluptas sapiente voluptatum consectetur quasi un', '', 8, 1, '3'),
(27, '2022-01-04 15:26:55.943296', 'ratione-inventore-architecto-neque-autem-consequatur-qui-totam-sapiente-laborum-aspernatur-obcaecati-re', 'Ratione inventore architecto neque autem consequatur qui totam, sapiente laborum aspernatur obcaecati re', '', 8, 1, '3'),
(28, '2022-01-04 15:26:55.950404', 'quos-ab-tempore-molestias-modi-perspiciatis-commodi-mollitia-repellat-excepturi-commodi-maiores-ex-iste-magni-iure-debitis-exce', 'Quos ab tempore molestias modi perspiciatis commodi, mollitia repellat excepturi commodi maiores ex iste magni iure? Debitis exce', '', 8, 1, '3'),
(29, '2022-01-04 15:26:55.958022', 'quisquam-nostrum-incidunt-aperiam-tempore-dolorem-nulla-tempora-molestias-ipsam-labore-nisi-porro-soluta-ex-facere-rerum-commodi-maiores-enim-id-ob', 'Quisquam nostrum incidunt aperiam tempore dolorem nulla tempora molestias ipsam labore nisi, porro soluta ex facere rerum commodi maiores enim id, ob', '', 8, 1, '3'),
(30, '2022-01-04 15:26:55.966153', 'quam-id-natus-itaque-necessitatibus-magnam-consectetur-ab-saepe-dolore-possimus-placeat-minus-incidunt-architecto-cum-voluptatem-voluptatibus-se', 'Quam id natus itaque necessitatibus magnam consectetur ab saepe dolore possimus placeat, minus incidunt architecto cum voluptatem voluptatibus se', '', 8, 1, '3'),
(31, '2022-01-04 15:26:55.973798', 'quam-exercitationem-odio-facilis-velit-saepe-pari', 'Quam exercitationem odio facilis velit saepe pari', '', 8, 1, '3'),
(32, '2022-01-04 15:26:55.982216', 'quaerat-minus-atque-nemo-dolore-nesciunt-quos-corrupti-asperiores-adipisci-voluptatem-aliquid-di', 'Quaerat minus atque nemo dolore nesciunt quos, corrupti asperiores adipisci voluptatem aliquid di', '', 8, 1, '3'),
(33, '2022-01-04 15:26:55.989766', 'pariatur-ex-ipsa-consectetur-et-beatae-impedit-cumque-quo-voluptate-quod-reprehenderit-iure', 'Pariatur ex ipsa, consectetur et beatae impedit cumque, quo voluptate quod reprehenderit iure', '', 8, 1, '3'),
(34, '2022-01-04 15:26:55.996107', 'pariatur-ex-in-sequi-explicabo-ratione-consequatur-culpa-enim-vel-laudant', 'Pariatur ex in, sequi explicabo ratione consequatur culpa? Enim vel laudant', '', 8, 1, '3'),
(35, '2022-01-04 15:26:56.003358', 'officiis-nisi-quae-tempora-perferendis-obcaecati-rerum-ut-reprehenderit-repellat-saepe-sapiente-doloremque-quam-inventore-facere-es', 'Officiis nisi quae tempora perferendis obcaecati rerum, ut reprehenderit repellat saepe sapiente doloremque quam inventore facere, es', '', 8, 1, '3'),
(36, '2022-01-04 15:26:56.011898', 'officiis-mollitia-error-minus-temporibus-ipsa-dolore-corporis-cumque-it', 'Officiis mollitia error minus temporibus ipsa dolore corporis, cumque it', '', 8, 1, '3'),
(37, '2022-01-04 15:26:56.019462', 'natus-excepturi-harum-consectetur-quaerat-omnis-optio-reiciendis-temporibus-dignissi', 'Natus excepturi harum consectetur quaerat omnis, optio reiciendis temporibus dignissi', '', 8, 1, '3'),
(38, '2022-01-04 15:26:56.025910', 'minus-sint-obcaecati-in-nostrum-accusantium-architecto-nulla-mollitia-illum-sapiente-qui', 'Minus sint obcaecati in nostrum? Accusantium architecto nulla mollitia illum, sapiente qui', '', 8, 1, '3'),
(39, '2022-01-04 15:26:56.032188', 'libero-aperiam-voluptatibus-quod-fuga', 'Libero aperiam voluptatibus quod fuga', '', 8, 1, '3'),
(40, '2022-01-04 15:26:56.039149', 'laudantium-porro-accusamus', 'Laudantium porro accusamus', '', 8, 1, '3'),
(41, '2022-01-04 15:26:56.046431', 'iusto-inventore-beatae-ad-consequatur-ea-molestiae-eaque-na', 'Iusto inventore beatae ad consequatur ea, molestiae eaque na', '', 8, 1, '3'),
(42, '2022-01-04 15:26:56.053104', 'ipsum-aut-illum-voluptate-consequuntur-rerum-ex-voluptatum-doloremque-animi-corporis-omnis-earum', 'Ipsum aut illum. Voluptate consequuntur rerum ex voluptatum doloremque animi corporis omnis earum', '', 8, 1, '3'),
(43, '2022-01-04 15:26:56.058530', 'fuga-facere-enim-perferendis-est-possimus-cum-eveniet-expedita-ullam-provident-tenetur-sunt-autem-dolorum-aliquid-voluptates-debitis-tempore-delectus-eveniet-officia-modi-sed-ullam-earum-no', 'Fuga facere enim perferendis est possimus, cum eveniet expedita ullam provident, tenetur sunt autem dolorum aliquid voluptates debitis? Tempore delectus eveniet officia modi sed ullam earum no', '', 8, 1, '3'),
(44, '2022-01-04 15:26:56.064965', 'eum-minus-dicta-quam-dolores-vero-nesciunt-distinc', 'Eum minus dicta quam dolores vero nesciunt distinc', '', 8, 1, '3'),
(45, '2022-01-04 15:26:56.071748', 'eos-sunt-quod-excepturi-ducimus', 'Eos sunt quod excepturi ducimus.', '', 8, 1, '3'),
(46, '2022-01-04 15:26:56.079222', 'doloribus-quasi-cumque-eius-beatae-deserunt-officia-id-alias-iusto-hic-recusandae-saepe-fugit-architecto-ducimus-in-nesciunt-eligendi-fugiat-atque-nihil-reprehenderit-mollitia-quis-nulla-a', 'Doloribus quasi cumque eius beatae deserunt officia id, alias iusto hic recusandae saepe, fugit architecto ducimus in nesciunt eligendi fugiat atque nihil reprehenderit, mollitia quis nulla a', '', 8, 1, '3'),
(47, '2022-01-04 15:26:56.085021', 'dolore-facilis-minima-saepe-architecto-optio-doloribus-quibusdam-repudiandae-adipisci-eaque-itaque-temporibus-molestiae-eos-beatae-aut-ratione-modi-libero-iste-beatae-laborum-ab-quae-perspicia', 'Dolore facilis minima, saepe architecto optio doloribus quibusdam repudiandae adipisci eaque itaque, temporibus molestiae eos beatae, aut ratione modi libero iste beatae laborum ab quae, perspicia', '', 8, 1, '3'),
(48, '2022-01-04 15:26:56.090188', 'dicta-sed-asperiores-iste-officiis-aut-et-quod-aliquam-natus-vel-magni-exercitationem-error-accusantium-id-non-illo-necessitatibus-sequi-quasi-facere-officiis-aut-quo-quidem-doloribu', 'Dicta sed asperiores iste, officiis aut et quod aliquam natus vel magni, exercitationem error accusantium id non illo necessitatibus sequi? Quasi facere officiis aut quo quidem, doloribu', '', 8, 1, '3'),
(49, '2022-01-04 15:26:56.095572', 'debitis-nihil-odio-explicabo-obcaecati-repellat-maxime-tenetur-commodi-quod-sed-magni-dolores-officia-ex-impedit-quod-qu', 'Debitis nihil odio explicabo obcaecati repellat maxime tenetur commodi quod sed, magni dolores officia ex, impedit quod qu', '', 8, 1, '3'),
(50, '2022-01-04 15:26:56.101697', 'ad-sapiente-nesciunt-quas-tempor', 'Ad sapiente nesciunt quas. Tempor', '', 8, 1, '3'),
(51, '2022-01-04 15:26:56.108045', 'accusamus-officia-consequuntur-eveniet-fugit-maiores-iusto-eius-exercitationem-dolorum-omnis-sit-reprehenderit-eos-hic-quo-quaerat-saepe-nemo-consequuntur-numquam', 'Accusamus officia consequuntur eveniet fugit maiores iusto eius exercitationem dolorum omnis sit, reprehenderit eos hic quo quaerat saepe nemo consequuntur? Numquam', '', 8, 1, '3'),
(52, '2022-01-04 15:26:56.113517', 'accusamus-facilis-magnam-officiis-error-enim-impe', 'Accusamus facilis magnam officiis error enim impe', '', 8, 1, '3'),
(53, '2022-01-04 15:26:56.120280', 'ab-repudiandae-omnis-fugiat-tenetur-totam-fugiat-aliquid-consequatur-natus-laborum-quod-quos-praesentium-cumque-totam-iste-unde-ratione', 'Ab repudiandae omnis fugiat, tenetur totam fugiat aliquid consequatur natus laborum quod quos praesentium cumque, totam iste unde ratione', '', 8, 1, '3'),
(54, '2022-01-04 15:27:44.662350', 'course-9', 'Course 9', '', 8, 1, '3'),
(55, '2022-01-04 15:27:44.673559', 'course-8', 'Course 8', '', 8, 1, '3'),
(56, '2022-01-04 15:27:44.680423', 'course-7', 'Course 7', '', 8, 1, '3'),
(57, '2022-01-04 15:27:44.685956', 'course-6', 'Course 6', '', 8, 1, '3'),
(58, '2022-01-04 15:27:44.692439', 'course-5', 'Course 5', '', 8, 1, '3'),
(59, '2022-01-04 15:27:44.699534', 'course-4', 'Course 4', '', 8, 1, '3'),
(60, '2022-01-04 15:27:44.706466', 'course-3', 'Course 3', '', 8, 1, '3'),
(61, '2022-01-04 15:27:44.713503', 'course-2', 'Course 2', '', 8, 1, '3'),
(62, '2022-01-04 15:27:44.720640', 'course-10', 'Course 10', '', 8, 1, '3'),
(63, '2022-01-04 15:27:44.729076', 'course-1', 'Course 1', '', 8, 1, '3'),
(64, '2022-01-04 15:33:01.569252', '19', 'Computer Science', '[{"changed": {"fields": ["Title"]}}]', 7, 1, '2'),
(65, '2022-01-04 15:33:20.822582', '20', 'Human Capital Management', '[{"changed": {"fields": ["Title"]}}]', 7, 1, '2'),
(66, '2022-01-04 15:33:36.803402', '33', 'Civil Engineering', '[{"changed": {"fields": ["Title"]}}]', 7, 1, '2'),
(67, '2022-01-04 15:34:04.528936', '21', 'Human Resource Management', '[{"changed": {"fields": ["Title"]}}]', 7, 1, '2'),
(68, '2022-01-04 15:34:24.088761', '32', 'Clinical Medicine', '[{"changed": {"fields": ["Title"]}}]', 7, 1, '2'),
(69, '2022-01-04 15:34:38.472501', '31', 'Psychology', '[{"changed": {"fields": ["Title"]}}]', 7, 1, '2'),
(70, '2022-01-04 15:34:48.750222', '30', 'Couselling', '[{"changed": {"fields": ["Title"]}}]', 7, 1, '2'),
(71, '2022-01-04 15:35:02.035014', '29', 'Surgery', '[{"changed": {"fields": ["Title"]}}]', 7, 1, '2'),
(72, '2022-01-04 15:35:18.749526', '28', 'Dental Surgery', '[{"changed": {"fields": ["Title"]}}]', 7, 1, '2'),
(73, '2022-01-04 15:35:31.061217', '29', 'General Surgery', '[{"changed": {"fields": ["Title"]}}]', 7, 1, '2'),
(74, '2022-01-04 15:35:46.201550', '27', 'Neo Natal Medicine', '[{"changed": {"fields": ["Title"]}}]', 7, 1, '2'),
(75, '2022-01-04 15:36:00.073436', '26', 'Labour Force Law', '[{"changed": {"fields": ["Title"]}}]', 7, 1, '2'),
(76, '2022-01-04 15:36:14.098436', '25', 'Legal Aid Management', '[{"changed": {"fields": ["Title"]}}]', 7, 1, '2'),
(77, '2022-01-04 15:36:24.343324', '24', 'Logistics Management', '[{"changed": {"fields": ["Title"]}}]', 7, 1, '2'),
(78, '2022-01-04 15:36:37.926901', '23', 'Supply Chain Managemet', '[{"changed": {"fields": ["Title"]}}]', 7, 1, '2'),
(79, '2022-01-04 16:28:17.988363', '31', 'Psychology', '', 7, 1, '3'),
(80, '2022-01-04 16:28:17.997423', '30', 'Couselling', '', 7, 1, '3'),
(81, '2022-01-04 16:28:18.003631', '27', 'Neo Natal Medicine', '', 7, 1, '3'),
(82, '2022-01-04 16:28:18.008797', '26', 'Labour Force Law', '', 7, 1, '3'),
(83, '2022-01-04 16:28:18.013947', '22', 'Ex labor', '', 7, 1, '3'),
(84, '2022-01-04 16:28:42.443849', '21', 'Human Resource Management', '', 7, 1, '3'),
(85, '2022-01-04 16:28:42.454094', '20', 'Human Capital Management', '', 7, 1, '3');

INSERT INTO "django_content_type" ("id", "app_label", "model") VALUES
(1, 'admin', 'logentry'),
(2, 'auth', 'permission'),
(3, 'auth', 'group'),
(4, 'contenttypes', 'contenttype'),
(5, 'sessions', 'session'),
(6, 'accounts', 'user'),
(7, 'courses', 'category'),
(8, 'courses', 'course'),
(9, 'courses', 'lesson'),
(10, 'udemy', 'enroll'),
(11, 'home', 'enroll');

INSERT INTO "django_migrations" ("id", "app", "name", "applied") VALUES
(1, 'contenttypes', '0001_initial', '2019-04-19 19:26:10.107473'),
(2, 'contenttypes', '0002_remove_content_type_name', '2019-04-19 19:26:10.294976'),
(3, 'auth', '0001_initial', '2019-04-19 19:26:10.451198'),
(4, 'auth', '0002_alter_permission_name_max_length', '2019-04-19 19:26:10.607450'),
(5, 'auth', '0003_alter_user_email_max_length', '2019-04-19 19:26:10.748106'),
(6, 'auth', '0004_alter_user_username_opts', '2019-04-19 19:26:10.912926'),
(7, 'auth', '0005_alter_user_last_login_null', '2019-04-19 19:26:11.084825'),
(8, 'auth', '0006_require_contenttypes_0002', '2019-04-19 19:26:11.225426'),
(9, 'auth', '0007_alter_validators_add_error_messages', '2019-04-19 19:26:11.366052'),
(10, 'auth', '0008_alter_user_username_max_length', '2019-04-19 19:26:11.491055'),
(11, 'auth', '0009_alter_user_last_name_max_length', '2019-04-19 19:26:11.584802'),
(12, 'auth', '0010_alter_group_name_max_length', '2019-04-19 19:26:11.694181'),
(13, 'auth', '0011_update_proxy_permissions', '2019-04-19 19:26:11.850433'),
(14, 'accounts', '0001_initial', '2019-04-19 19:26:11.959808'),
(15, 'admin', '0001_initial', '2019-04-19 19:26:12.100434'),
(16, 'admin', '0002_logentry_remove_auto_add', '2019-04-19 19:26:12.256685'),
(17, 'admin', '0003_logentry_add_action_flag_choices', '2019-04-19 19:26:12.428592'),
(18, 'courses', '0001_initial', '2019-04-19 19:26:12.584845'),
(19, 'sessions', '0001_initial', '2019-04-19 19:26:12.787943'),
(20, 'accounts', '0002_auto_20190420_1009', '2019-04-20 04:09:08.911559'),
(21, 'courses', '0002_auto_20190420_1009', '2019-04-20 04:09:09.130289'),
(22, 'courses', '0003_auto_20190420_1736', '2019-04-20 11:36:36.277982'),
(23, 'courses', '0004_auto_20190420_1738', '2019-04-20 11:38:33.291677'),
(24, 'courses', '0005_auto_20190420_1739', '2019-04-20 11:39:50.393532'),
(25, 'courses', '0006_lesson', '2019-04-20 16:39:54.207627'),
(26, 'udemy', '0001_initial', '2019-04-29 16:14:31.505454'),
(27, 'udemy', '0002_auto_20190430_0006', '2019-04-29 18:06:07.027730'),
(28, 'auth', '0012_alter_user_first_name_max_length', '2020-12-27 17:17:47.958030'),
(29, 'home', '0001_initial', '2021-10-03 21:58:23.359207'),
(30, 'home', '0002_auto_20190430_0006', '2021-10-03 21:58:23.376017'),
(31, 'accounts', '0003_auto_20211004_0013', '2021-10-03 22:14:07.234066'),
(32, 'courses', '0007_auto_20211004_0013', '2021-10-03 22:14:07.276312'),
(33, 'courses', '0008_auto_20220104_1721', '2022-01-04 15:22:06.894975'),
(34, 'courses', '0009_auto_20220104_1722', '2022-01-04 15:22:40.855205');

INSERT INTO "django_session" ("session_key", "session_data", "expire_date") VALUES
('yruhx95ft4ezwqz5i0rjmtlfkz4smzd0', 'MzE5YThjYjYyOTE0M2Q4NzFhNTk4OGViMDk0OWMyYTc5MjBmZTUzNjp7ImNhcnQiOnt9LCJfYXV0aF91c2VyX2lkIjoiMSIsIl9hdXRoX3VzZXJfYmFja2VuZCI6ImRqYW5nby5jb250cmliLmF1dGguYmFja2VuZHMuTW9kZWxCYWNrZW5kIiwiX2F1dGhfdXNlcl9oYXNoIjoiMTE4ZDQzOTYxMGNlYmM4NzBhZTBhOTkxOTY0MjFmZTE4YjVmZmNlZSJ9', '2019-05-16 22:42:54.196410'),
('z0b8t8cvopeohn21c9keqgkpj7mo1mtc', 'NzgyNjlhOGZiMjJjZDM2ZTYwYjdjYWVhNDE0ZmQ1NjkwOGU5ZDkzOTp7Il9hdXRoX3VzZXJfaWQiOiIyIiwiX2F1dGhfdXNlcl9iYWNrZW5kIjoiZGphbmdvLmNvbnRyaWIuYXV0aC5iYWNrZW5kcy5Nb2RlbEJhY2tlbmQiLCJfYXV0aF91c2VyX2hhc2giOiJlMWMzZmU0YWUxMjdmMjYxMzRhYjcwMmYwMWI1OWM3ODgzZTBlODcyIiwiY2FydCI6e319', '2019-05-16 22:37:37.144735'),
('zu46mq0kziqfpz80xht1wp6vbejl9tzl', '.eJxVjDsOgzAQBe_iOrJsB9u7lOk5A1p714EkAolPhbh7QKJI2jfzZlMtrUvXrrNMbc-qVk7dfrdE-S3DCfhFw3PUeRyWqU_6VPRFZ92MLJ_H5f4FOpq7441ovGUBvGMKFQFA8hJy4OydFTaFvXcmGLSlAogWhSHEhDYWx2TCEc00Lare9v0LAwY6hQ:1ktbDE:3HnNuz_1KLZAw6CKB_t5qKcE048lvVFSGdVwT4neijI', '2021-01-10 18:56:16.872132'),
('v0btqedolcxpgwek1jxu2s2uu6rmy53k', 'eyJjYXJ0Ijp7fX0:1mX9nw:n_Jfeb5L1_4tEkHu-rqLMNCDmwBoDbB4GMrMCLvfzQY', '2021-10-17 22:17:56.425560'),
('jyn71xhrai0jzcg4s28bcp77xexetxrh', 'eyJjYXJ0Ijp7fX0:1n4lKP:6M_9KnpLKHH5ax6wrighSMWHxMtBEJYQ_yGTH66I-Ko', '2022-01-18 15:02:21.850401'),
('drggavdgj8mbnih8hjwizn9lsh511evl', 'eyJjYXJ0Ijp7fX0:1n4pmJ:FCFVdGklOJPGnmtXwyf_-h_KNUQ62blPjf95aNfHyV8', '2022-01-18 19:47:27.887901');

INSERT INTO "home_enroll" ("id", "created_at", "updated_at", "user_id", "course_id") VALUES
(1, '2022-01-04 11:57:04.156806', '2022-01-04 11:57:04.156806', 4, 'quaerat-minus-atque-nemo-dolore-nesciunt-quos-corrupti-asperiores-adipisci-voluptatem-aliquid-di');

INSERT INTO "sqlite_sequence" ("name", "seq") VALUES
('django_migrations', '34'),
('django_content_type', '11'),
('auth_permission', '44'),
('auth_group', '0'),
('django_admin_log', '85'),
('udemy_enroll', '9'),
('home_enroll', '1'),
('accounts_user', '4'),
('courses_category', '33'),
('courses_lesson', '603');

INSERT INTO "udemy_enroll" ("id", "created_at", "updated_at", "user_id", "course_id") VALUES
(6, '2020-12-27 18:54:42.195296', '2020-12-27 18:54:42.195313', 2, 'quam-id-natus-itaque-necessitatibus-magnam-consectetur-ab-saepe-dolore-possimus-placeat-minus-incidunt-architecto-cum-voluptatem-voluptatibus-se'),
(7, '2020-12-27 18:54:42.204429', '2020-12-27 18:54:42.204450', 2, 'quisquam-nostrum-incidunt-aperiam-tempore-dolorem-nulla-tempora-molestias-ipsam-labore-nisi-porro-soluta-ex-facere-rerum-commodi-maiores-enim-id-ob'),
(8, '2021-10-03 21:51:03.636660', '2021-10-03 21:51:03.636660', 3, 'doloribus-quasi-cumque-eius-beatae-deserunt-officia-id-alias-iusto-hic-recusandae-saepe-fugit-architecto-ducimus-in-nesciunt-eligendi-fugiat-atque-nihil-reprehenderit-mollitia-quis-nulla-a'),
(9, '2021-10-03 21:51:31.982418', '2021-10-03 21:51:31.982418', 3, 'debitis-nihil-odio-explicabo-obcaecati-repellat-maxime-tenetur-commodi-quod-sed-magni-dolores-officia-ex-impedit-quod-qu');
